true_labels,pred_values
0,0.05196982994675636
0,0.09301301091909409
0,0.07178978621959686
0,0.15638166666030884
0,0.01625823974609375
0,0.047306448221206665
0,0.17405734956264496
0,0.05969185009598732
0,0.00992459524422884
0,0.015302767045795918
0,0.09239304810762405
0,0.08690077066421509
1,0.10227420181035995
0,0.010464695282280445
0,0.10900550335645676
0,0.02702506259083748
0,0.018748529255390167
0,0.005750367417931557
0,0.022361600771546364
0,0.020144321024417877
0,0.0240582674741745
0,0.002398241776973009
0,0.12120456993579865
0,0.00809005182236433
0,0.09821885079145432
0,0.020333606749773026
0,0.034616198390722275
0,0.02943006344139576
0,0.011053573340177536
0,0.02309969998896122
0,0.15798351168632507
0,0.02986534871160984
0,0.07272897660732269
0,0.01986739970743656
0,0.03400443494319916
0,0.03770528733730316
0,0.04176163673400879
0,0.07531435787677765
0,0.03864005208015442
0,0.034003909677267075
0,0.03676365315914154
0,0.027583736926317215
0,0.06251545250415802
0,0.07835642248392105
0,0.056677788496017456
0,0.014830682426691055
0,0.19141998887062073
0,0.04380983114242554
0,0.07424351572990417
0,0.1548045575618744
1,0.12485571950674057
0,0.07569830864667892
0,0.10757237672805786
0,0.057098839432001114
0,0.025928229093551636
0,0.06553424149751663
0,0.08428476750850677
0,0.09690884500741959
0,0.13650290668010712
0,0.03494714945554733
0,0.00618803221732378
0,0.09332738816738129
0,0.0010311719961464405
1,0.08320020139217377
0,0.0034151372965425253
0,0.004168572835624218
0,0.09444475173950195
0,0.016491422429680824
0,0.020160997286438942
0,0.08921791613101959
0,0.06544117629528046
0,0.016402212902903557
0,0.010889928787946701
0,0.008160711266100407
0,0.05993505194783211
0,0.11387503147125244
0,0.0724937841296196
0,0.07283468544483185
0,0.03890019282698631
0,0.040823422372341156
1,0.14169953763484955
0,0.07620086520910263
0,0.031753987073898315
0,0.10781481117010117
0,0.034639712423086166
0,0.02328682690858841
0,0.04395347833633423
0,0.14907822012901306
0,0.08252774178981781
0,0.007391737774014473
0,0.01604301668703556
0,0.02321678400039673
0,0.07076776772737503
0,0.10637743771076202
0,0.03194335103034973
0,0.10649682581424713
0,0.0727042630314827
0,0.043922074139118195
0,0.14053931832313538
1,0.06255605816841125
0,0.1692265272140503
0,0.0748434066772461
0,0.04737016186118126
0,0.010078546591103077
0,0.032477278262376785
1,0.13516032695770264
0,0.08846718072891235
0,0.029588116332888603
0,0.16396205127239227
0,0.09920033067464828
0,0.12520700693130493
0,0.06970352679491043
0,0.11054648458957672
0,0.032008059322834015
0,0.10453574359416962
0,0.024076784029603004
0,0.11703674495220184
0,0.181217223405838
0,0.05443328991532326
0,0.12038754671812057
0,0.001974764047190547
0,0.09750663489103317
0,0.11592660844326019
1,0.10759919881820679
1,0.13710997998714447
1,0.15094798803329468
0,0.03611345589160919
0,0.003041099989786744
0,0.14721094071865082
0,0.055086586624383926
0,0.08638142049312592
0,0.14970196783542633
0,0.0377446673810482
0,0.026271870359778404
0,0.04950931295752525
0,0.021543579176068306
0,0.022186072543263435
0,0.017180675640702248
0,0.009692884981632233
0,0.06431504338979721
0,0.02803719788789749
0,0.006395498290657997
0,0.034356385469436646
0,0.11117938160896301
0,0.049620769917964935
1,0.05977475643157959
1,0.12865717709064484
0,0.08519382774829865
0,0.08417627960443497
0,0.10440909117460251
0,0.05200536549091339
0,0.050679538398981094
0,0.0963631346821785
0,0.0035174982622265816
0,0.04380626976490021
0,0.003679417073726654
0,0.022300779819488525
0,0.014322001487016678
0,0.12108182162046432
0,0.0464685820043087
0,0.02780289016664028
0,0.06599142402410507
0,0.07715442031621933
1,0.10901385545730591
0,0.06142856180667877
0,0.02772807888686657
1,0.1377299427986145
0,0.011888167820870876
0,0.0253430288285017
0,0.0026794872246682644
0,0.018537303432822227
0,0.014682739041745663
0,0.10329756140708923
0,0.10549741983413696
0,0.05191830173134804
0,0.12496480345726013
0,0.002632786752656102
0,0.005873432848602533
0,0.09311249852180481
0,0.020125659182667732
0,0.07493796944618225
0,0.08752277493476868
0,0.1338823139667511
0,0.004442351404577494
0,0.0023112744092941284
0,0.012388665229082108
0,0.09921102225780487
1,0.2108798325061798
0,0.038014549762010574
0,0.1557457596063614
0,0.11514092981815338
0,0.01666054129600525
0,0.11893948167562485
0,0.0025714002549648285
0,0.017609819769859314
1,0.14743441343307495
0,0.00797553826123476
0,0.038159556686878204
0,0.018824880942702293
0,0.09784772992134094
0,0.026731695979833603
0,0.03455536067485809
1,0.0723898857831955
0,0.05066288262605667
0,0.05422364920377731
0,0.06032291054725647
0,0.08675496280193329
0,0.06256444752216339
0,0.09983529895544052
0,0.08350695669651031
0,0.17553439736366272
0,0.06429384648799896
0,0.0825817734003067
0,0.17245329916477203
0,0.07031454145908356
0,0.1282976120710373
0,0.09191235899925232
0,0.06027401611208916
0,0.017259983345866203
0,0.12348726391792297
0,0.042983125895261765
0,0.008571644313633442
0,0.04764403775334358
0,0.07328814268112183
0,0.1287996768951416
0,0.12794052064418793
0,0.030972685664892197
0,0.014286891557276249
0,0.17143523693084717
0,0.050466619431972504
0,0.12844525277614594
0,0.12150345742702484
0,0.03659381344914436
0,0.010189577005803585
0,0.040943801403045654
0,0.010845324024558067
0,0.019550196826457977
0,0.1460762470960617
0,0.02706352062523365
0,0.15186695754528046
0,0.1095651239156723
0,0.015465805307030678
0,0.1212022602558136
0,0.08292704820632935
0,0.11998748779296875
0,0.022269079461693764
0,0.059117916971445084
0,0.11280624568462372
0,0.11029061675071716
0,0.028679342940449715
0,0.09629417955875397
0,0.09254167228937149
0,0.09025906771421432
0,0.04663330689072609
0,0.07755908370018005
0,0.08087468892335892
0,0.09472682327032089
0,0.0835423395037651
0,0.0349971242249012
0,0.0321696400642395
0,0.020363399758934975
0,0.09442795068025589
0,0.04889308288693428
0,0.14802198112010956
0,0.1055472195148468
0,0.0930580198764801
0,0.09678856283426285
0,0.07439332455396652
0,0.05993647128343582
0,0.04749483987689018
0,0.03184589371085167
0,0.19463227689266205
0,0.0797128900885582
0,0.10672902315855026
0,0.07287248969078064
0,0.0352364219725132
0,0.018682630732655525
0,0.11827189475297928
0,0.14585605263710022
0,0.04856129735708237
0,0.006256699562072754
0,0.020437635481357574
0,0.10024544596672058
0,0.15667831897735596
0,0.06575822830200195
0,0.0020603560842573643
0,0.10178570449352264
0,0.04266078397631645
0,0.05400855466723442
0,0.08383159339427948
0,0.15827110409736633
0,0.025885973125696182
0,0.002804222982376814
0,0.10135369002819061
0,0.08601191639900208
0,0.02343103103339672
0,0.02162158116698265
0,0.03807803615927696
0,0.09593237191438675
0,0.14167365431785583
0,0.014843238517642021
0,0.040015410631895065
0,0.06051908805966377
0,0.056419357657432556
0,0.050619855523109436
0,0.02300581894814968
0,0.1105942577123642
0,0.038702353835105896
0,0.05149524286389351
0,0.15193067491054535
0,0.059490907937288284
1,0.13552123308181763
0,0.042022086679935455
0,0.013400530442595482
0,0.05995098501443863
0,0.0599401630461216
0,0.10759307444095612
0,0.1775987297296524
0,0.0014541213167831302
0,0.03472911939024925
0,0.1867842823266983
0,0.2025642693042755
0,0.04373721405863762
0,0.17032073438167572
0,0.07453960925340652
0,0.05902910232543945
0,0.07388591021299362
1,0.04818401113152504
0,0.1515360176563263
0,0.002554906066507101
0,0.10248193144798279
0,0.0650089681148529
0,0.0017173952655866742
0,0.14648915827274323
0,0.10007908195257187
0,0.019315829500555992
0,0.020871734246611595
0,0.03686146438121796
1,0.039120085537433624
0,0.09327403455972672
0,0.09720639139413834
0,0.01136841345578432
0,0.013547522947192192
0,0.02771126665174961
0,0.008498883806169033
0,0.003839043667539954
1,0.09701424092054367
0,0.17338845133781433
0,0.11597207188606262
0,0.025022178888320923
0,0.03805280476808548
0,0.021630654111504555
1,0.12912635505199432
0,0.10103252530097961
0,0.017204927280545235
0,0.1194346472620964
0,0.11941362172365189
0,0.18314625322818756
0,0.12794815003871918
0,0.09225460141897202
0,0.10738573223352432
0,0.06966444104909897
0,0.0763498991727829
0,0.021436141803860664
0,0.034006014466285706
0,0.037168554961681366
0,0.01759025827050209
0,0.0044676074758172035
0,0.010873733088374138
0,0.11770002543926239
0,0.004290051758289337
0,0.032016023993492126
0,0.0014952699420973659
0,0.1725735068321228
0,0.09984594583511353
0,0.02369651384651661
0,0.016346054151654243
0,0.05898382142186165
0,0.018559761345386505
0,0.010866993106901646
0,0.0010832140687853098
0,0.04283804073929787
0,0.03870626538991928
0,0.003268577391281724
0,0.0739419236779213
0,0.009935788810253143
0,0.06971835345029831
0,0.003950556740164757
0,0.1375635415315628
0,0.05914432927966118
0,0.1048838272690773
0,0.13362827897071838
0,0.007140778936445713
0,0.006009736098349094
0,0.09160378575325012
0,0.05495058000087738
0,0.04791835695505142
0,0.06493185460567474
0,0.06218705698847771
0,0.14416912198066711
0,0.01978767290711403
0,0.0033280763309448957
0,0.04184344783425331
0,0.024195915088057518
1,0.08085943758487701
1,0.07954913377761841
0,0.17673030495643616
0,0.0859375149011612
0,0.09456726163625717
0,0.10724792629480362
0,0.00792988482862711
0,0.12722600996494293
0,0.022613752633333206
0,0.05813978612422943
0,0.1645691841840744
0,0.0006976563599891961
0,0.024544058367609978
0,0.02397940680384636
1,0.11553618311882019
0,0.024860596284270287
0,0.02221357449889183
1,0.01291008573025465
0,0.15744619071483612
0,0.1404818296432495
0,0.08521666377782822
0,0.11259245872497559
0,0.06161513179540634
0,0.11708790063858032
0,0.0014062426052987576
0,0.009831180796027184
0,0.15557897090911865
0,0.052267786115407944
0,0.06052924320101738
0,0.15723395347595215
0,0.004282840993255377
0,0.13706828653812408
0,0.07466616481542587
0,0.02494821883738041
0,0.09432776272296906
1,0.127319797873497
0,0.033443331718444824
0,0.08221016079187393
0,0.0022116887848824263
0,0.01852538250386715
0,0.04295623302459717
0,0.1503642350435257
0,0.025990314781665802
0,0.03765995427966118
0,0.012471096590161324
0,0.12071633338928223
0,0.020525339990854263
0,0.01803111657500267
0,0.002591941272839904
0,0.018644826486706734
1,0.10525082051753998
0,0.12058565020561218
0,0.2068888545036316
0,0.05613718181848526
0,0.13012494146823883
0,0.09611135721206665
0,0.1172768771648407
1,0.11053697764873505
0,0.007939149625599384
0,0.03656447306275368
0,0.021875688806176186
0,0.0031438982114195824
0,0.10716002434492111
1,0.06795290112495422
0,0.04060380160808563
0,0.010593432933092117
0,0.0529821403324604
0,0.01434654463082552
0,0.0876801386475563
0,0.11444129049777985
0,0.056019507348537445
0,0.0006253694882616401
0,0.002545651514083147
0,0.07219668477773666
0,0.08405835926532745
0,0.014395415782928467
0,0.10834074020385742
0,0.00763689773157239
0,0.13026656210422516
0,0.056917738169431686
1,0.11484647542238235
0,0.0042192512191832066
0,0.02167992666363716
0,0.00962813664227724
1,0.11151298135519028
0,0.03658346086740494
0,0.04758954048156738
0,0.05422182381153107
0,0.03730063885450363
0,0.006830779369920492
0,0.09545791149139404
0,0.07721630483865738
0,0.014856155030429363
1,0.09012608975172043
0,0.04961525276303291
0,0.0583655908703804
0,0.0034223662223666906
0,0.0764567106962204
0,0.03219829499721527
0,0.0866323783993721
0,0.1492605209350586
0,0.00694984570145607
0,0.03063332661986351
0,0.013794551603496075
0,0.11035914719104767
0,0.03025660663843155
0,0.06505169719457626
0,0.149083212018013
0,0.0538969449698925
0,0.1285024881362915
0,0.06497732549905777
1,0.16455838084220886
0,0.018808040767908096
0,0.03488902747631073
0,0.11420059949159622
0,0.040514491498470306
0,0.011515914462506771
0,0.005092403385788202
0,0.10306638479232788
0,0.03084905818104744
0,0.0693899467587471
0,0.029347844421863556
0,0.05757366865873337
0,0.14406177401542664
0,0.043484654277563095
0,0.003030167194083333
0,0.10796605795621872
0,0.0879732221364975
0,0.06882410496473312
0,0.024612218141555786
0,0.07985150814056396
0,0.00498093431815505
0,0.032700035721063614
1,0.05041923001408577
0,0.04139544069766998
0,0.1435338407754898
0,0.014927905984222889
0,0.06300044059753418
1,0.06289288401603699
0,0.03765244781970978
0,0.0020274717826396227
0,0.16306909918785095
0,0.0796215608716011
0,0.09541899710893631
1,0.15567509829998016
0,0.016091059893369675
0,0.033022213727235794
0,0.14294525980949402
0,0.07434538751840591
0,0.023335449397563934
0,0.03401990979909897
0,0.007350941654294729
0,0.0008407198474742472
0,0.07829692214727402
1,0.09929671883583069
0,0.06181789189577103
0,0.04860013723373413
0,0.030086824670433998
0,0.0604979433119297
0,0.055784065276384354
0,0.059552375227212906
0,0.12448243051767349
0,0.015804165974259377
0,0.015227749943733215
1,0.11478935927152634
0,0.03616711497306824
0,0.014287362806499004
0,0.04154378920793533
0,0.008219010196626186
0,0.06269998103380203
0,0.010673549957573414
0,0.042360372841358185
0,0.13415347039699554
0,0.04932964965701103
0,0.1155119389295578
0,0.1171487495303154
0,0.007826297543942928
0,0.032121431082487106
0,0.03536331281065941
0,0.07439926266670227
0,0.0030241869390010834
0,0.14358149468898773
0,0.038178566843271255
0,0.13001693785190582
0,0.005780594889074564
0,0.08132593333721161
0,0.05478142201900482
0,0.1543092280626297
0,0.02639269083738327
0,0.039058126509189606
0,0.06641966849565506
0,0.11189425736665726
0,0.07783523201942444
0,0.07555662095546722
0,0.11882495880126953
0,0.031756676733493805
0,0.032133471220731735
0,0.08940938860177994
0,0.042335011065006256
0,0.041680265218019485
0,0.025042930617928505
0,0.17388290166854858
0,0.06937070935964584
0,0.17190587520599365
0,0.12546823918819427
1,0.013238881714642048
0,0.033961184322834015
0,0.010685695335268974
0,0.08212719857692719
0,0.009608224034309387
0,0.08919104933738708
0,0.09851602464914322
0,0.08424439281225204
0,0.02887183055281639
0,0.05121421813964844
0,0.07094092667102814
0,0.10477175563573837
0,0.19926142692565918
0,0.16042326390743256
0,0.033260446041822433
0,0.1490970104932785
0,0.01786528341472149
0,0.03953983634710312
0,0.03226776048541069
0,0.018535152077674866
1,0.11855955421924591
0,0.09464001655578613
0,0.006658756639808416
0,0.04678713530302048
0,0.006080992054194212
0,0.011393444612622261
0,0.08132032305002213
0,0.12520456314086914
0,0.0034005458001047373
0,0.04495622217655182
0,0.065699502825737
0,0.07983352988958359
0,0.046185027807950974
0,0.07660757750272751
1,0.033321887254714966
0,0.03366200998425484
0,0.16728465259075165
0,0.012839951552450657
0,0.09791252017021179
0,0.049642257392406464
0,0.08542156964540482
0,0.012661316432058811
0,0.06671882420778275
1,0.13216638565063477
0,0.0611163005232811
0,0.15248176455497742
0,0.04379887878894806
0,0.023554548621177673
0,0.016177352517843246
0,0.030823320150375366
0,0.05200524628162384
0,0.1628056913614273
0,0.07486634701490402
0,0.016391107812523842
0,0.0794268250465393
0,0.017940452322363853
0,0.047444649040699005
1,0.1205446720123291
0,0.0539693608880043
0,0.026560364291071892
0,0.1065695658326149
0,0.04121261462569237
0,0.14953088760375977
0,0.0013398162554949522
0,0.03280932456254959
1,0.0412212610244751
0,0.09754588454961777
0,0.10181767493486404
0,0.13427138328552246
0,0.14254362881183624
0,0.018402278423309326
0,0.007196560502052307
1,0.1373361349105835
0,0.12274753302335739
0,0.10543588548898697
0,0.04109008237719536
0,0.0012083931360393763
0,0.0985599085688591
0,0.057897426187992096
0,0.025621449574828148
0,0.002342815278097987
0,0.05092146620154381
1,0.1145881935954094
0,0.014245294034481049
0,0.053297389298677444
0,0.04253720864653587
1,0.08945873379707336
0,0.1658226102590561
0,0.078407421708107
0,0.02408398501574993
0,0.1180398240685463
0,0.07407625019550323
0,0.07058945298194885
0,0.11545204371213913
0,0.15988893806934357
0,0.014800543896853924
0,0.004302076529711485
0,0.08550728857517242
0,0.0585184209048748
0,0.06355631351470947
0,0.07545310258865356
0,0.03858403488993645
0,0.05729732662439346
0,0.013551714830100536
0,0.15945923328399658
0,0.0049185422249138355
0,0.00356091046705842
0,0.04211525246500969
0,0.05662011355161667
0,0.00621649669483304
0,0.014509775675833225
0,0.15436425805091858
0,0.01317291148006916
0,0.1022874265909195
0,0.117658831179142
0,0.00873861275613308
0,0.009254006668925285
0,0.052649226039648056
0,0.1301918774843216
0,0.09808904677629471
0,0.03048371523618698
0,0.09567925333976746
0,0.05560276284813881
0,0.1645723283290863
0,0.125499427318573
0,0.011149333789944649
0,0.025772716850042343
0,0.08864899724721909
0,0.0028033468406647444
0,0.025643138214945793
0,0.025911977514624596
0,0.01839653216302395
0,0.04948998615145683
0,0.029790453612804413
0,0.14023016393184662
0,0.08513966202735901
0,0.022527724504470825
0,0.013358082622289658
0,0.10813093185424805
0,0.18387098610401154
0,0.017888376489281654
0,0.13080817461013794
0,0.1151287853717804
0,0.027577217668294907
0,0.026008056476712227
0,0.13283440470695496
1,0.11789944767951965
0,0.1845986545085907
0,0.06446876376867294
0,0.019042668864130974
0,0.04146714508533478
0,0.059626419097185135
0,0.05252527445554733
0,0.024561891332268715
0,0.18583834171295166
0,0.043491363525390625
0,0.05293992534279823
0,0.007935578934848309
0,0.08357153087854385
0,0.08368947356939316
0,0.03873927891254425
0,0.039036959409713745
0,0.10895592719316483
0,0.015468282625079155
0,0.05214158445596695
0,0.0940612405538559
0,0.049643393605947495
1,0.08605247735977173
0,0.022432634606957436
0,0.050735361874103546
0,0.06564630568027496
0,0.011126512661576271
0,0.13670364022254944
0,0.008514219895005226
0,0.00962869357317686
0,0.05997437983751297
0,0.0764785036444664
0,0.016928337514400482
0,0.11646272242069244
0,0.1467379629611969
0,0.054288219660520554
0,0.009668988175690174
0,0.06408081203699112
0,0.0961247906088829
0,0.12772059440612793
0,0.02102573774755001
0,0.07984036207199097
0,0.0059195393696427345
0,0.0022650379687547684
0,0.03469556197524071
0,0.07391205430030823
0,0.11391670256853104
0,0.0062225270085036755
0,0.06685244292020798
0,0.05456744506955147
0,0.002320402069017291
0,0.06609030067920685
0,0.1053912490606308
0,0.029520081356167793
0,0.006278123240917921
0,0.026232952252030373
0,0.00031685573048889637
0,0.014354066923260689
0,0.15648329257965088
0,0.048396769911050797
0,0.05765059217810631
0,0.0961998924612999
0,0.07343301177024841
0,0.03946419432759285
0,0.22151222825050354
0,0.059968944638967514
0,0.0302885789424181
0,0.07331821322441101
0,0.18316695094108582
0,0.07071658223867416
0,0.06006946042180061
1,0.025118563324213028
0,0.03173745796084404
0,0.027738772332668304
0,0.10440776497125626
0,0.11194562911987305
0,0.1354246288537979
0,0.06674473732709885
0,0.030789732933044434
0,0.15285934507846832
0,0.1223575621843338
0,0.11442435532808304
0,0.009003797546029091
0,0.15191665291786194
0,0.08814716339111328
0,0.07427214086055756
0,0.033558063209056854
0,0.017594585195183754
0,0.12737004458904266
0,0.18883655965328217
0,0.06890223175287247
0,0.043188001960515976
0,0.04594498127698898
1,0.10300865024328232
0,0.1555922031402588
0,0.05460531637072563
0,0.14037375152111053
0,0.08722957223653793
0,0.08940181136131287
0,0.14104005694389343
1,0.14982835948467255
0,0.04324140027165413
1,0.14632029831409454
0,0.045762501657009125
0,0.018582334741950035
0,0.004629792645573616
0,0.1639004647731781
0,0.043594151735305786
1,0.07628811150789261
0,0.1838671863079071
0,0.009539621882140636
0,0.17957980930805206
0,0.057035453617572784
0,0.010603923350572586
0,0.05983589217066765
0,0.06288985908031464
0,0.015277588739991188
0,0.09194021672010422
0,0.07820194214582443
0,0.06163111329078674
0,0.014488709159195423
0,0.008889718912541866
0,0.005078705959022045
0,0.03482211381196976
0,0.07458452880382538
0,0.023166917264461517
0,0.19468648731708527
0,0.13187959790229797
0,0.1139804795384407
0,0.000679946388117969
0,0.05600961297750473
0,0.030970556661486626
0,0.09673396497964859
0,0.0981120616197586
0,0.08721397817134857
0,0.14044471085071564
0,0.061358846724033356
0,0.004586816765367985
0,0.06992830336093903
0,0.1329202651977539
0,0.08774896711111069
0,0.029070327058434486
0,0.129399374127388
0,0.0713508203625679
0,0.06639377027750015
0,0.1034831702709198
0,0.05000298470258713
0,0.009521258994936943
0,0.12785261869430542
0,0.16648343205451965
0,0.009879320859909058
0,0.007888974621891975
1,0.18711423873901367
0,0.1491280496120453
0,0.06849045306444168
0,0.007215948775410652
0,0.10074830055236816
0,0.010073247365653515
0,0.10225220024585724
0,0.17172469198703766
0,0.06015738844871521
0,0.1415499895811081
0,0.0008610205841250718
0,0.05372827872633934
0,0.009258468635380268
0,0.07221406698226929
0,0.0923231989145279
0,0.08638767898082733
0,0.04093030467629433
1,0.1279112696647644
0,0.05797772854566574
0,0.11975660920143127
0,0.02007538452744484
0,0.03386581316590309
0,0.17173464596271515
0,0.06487751752138138
0,0.09005860984325409
0,0.028860237449407578
0,0.03612082451581955
0,0.024648236110806465
0,0.07848028093576431
0,0.11073239147663116
0,0.0011325918603688478
0,0.04698875918984413
0,0.07803431898355484
0,0.12288856506347656
0,0.013297871686518192
0,0.14348986744880676
0,0.12147393077611923
0,0.04933667182922363
0,0.0030947839841246605
0,0.05697726458311081
0,0.022747261449694633
0,0.04652352258563042
0,0.01288528274744749
0,0.010042504407465458
0,0.03392372280359268
0,0.042728736996650696
0,0.10584621131420135
0,0.13203884661197662
0,0.02117079496383667
0,0.14713245630264282
0,0.064115010201931
0,0.03319603577256203
0,0.15302492678165436
0,0.0692339688539505
0,0.018605785444378853
0,0.09106040745973587
0,0.018061792477965355
0,0.06122815981507301
1,0.15559788048267365
1,0.10349106043577194
0,0.013698785565793514
0,0.17870266735553741
0,0.05028741434216499
0,0.05284882336854935
0,0.09094133973121643
0,0.012387773022055626
0,0.07465417683124542
0,0.01039454061537981
0,0.011368037201464176
0,0.005787239875644445
0,0.13524971902370453
0,0.150518000125885
0,0.0483926497399807
0,0.006901467684656382
0,0.017902832478284836
0,0.018456032499670982
0,0.0464068204164505
0,0.029004594311118126
0,0.0035493141040205956
0,0.06613167375326157
0,0.02607007697224617
0,0.020366983488202095
0,0.020747723057866096
0,0.11908423900604248
0,0.05060143396258354
0,0.06358526647090912
0,0.022464942187070847
0,0.024651093408465385
0,0.06117540970444679
0,0.13739489018917084
0,0.004474827088415623
0,0.07752562314271927
0,0.002097656251862645
0,0.1725360006093979
1,0.17787489295005798
0,0.025453712791204453
0,0.0019119934877380729
0,0.15220321714878082
1,0.13993343710899353
0,0.06611152738332748
0,0.1946801245212555
0,0.13811777532100677
0,0.045342039316892624
0,0.16667665541172028
0,0.08157755434513092
0,0.017280638217926025
0,0.04112651199102402
0,0.009695785120129585
0,0.15957054495811462
0,0.09361530840396881
0,0.013990526087582111
0,0.027096038684248924
0,0.04361432418227196
0,0.0326523594558239
0,0.027351833879947662
0,0.017212728038430214
0,0.005665244068950415
0,0.0502534955739975
0,0.001959290588274598
0,0.026678718626499176
0,0.10474962741136551
0,0.05881677195429802
1,0.08139029890298843
0,0.047707103192806244
0,0.13872820138931274
0,0.012368889525532722
0,0.009166753850877285
0,0.02834586799144745
0,0.15209931135177612
0,0.048979829996824265
0,0.14640778303146362
0,0.11605215072631836
0,0.07327331602573395
0,0.11675095558166504
0,0.11641651391983032
0,0.031018227338790894
0,0.12338811904191971
1,0.16084058582782745
0,0.10265100747346878
0,0.06080251187086105
0,0.02292661927640438
1,0.12350720912218094
0,0.021738091483712196
0,0.09413547068834305
0,0.1210101917386055
0,0.05245945230126381
0,0.12217773497104645
0,0.0236208438873291
0,0.07944449782371521
0,0.11158005893230438
0,0.03862757608294487
0,0.004632109776139259
0,0.016551660373806953
0,0.020628919824957848
0,0.04876948893070221
0,0.018161922693252563
0,0.14061833918094635
0,0.052512817084789276
0,0.0005176236154511571
0,0.10815444588661194
0,0.030575565993785858
0,0.09447841346263885
0,0.07361448556184769
0,0.11180548369884491
0,0.003671966027468443
0,0.03963341936469078
1,0.11195696145296097
0,0.039880383759737015
0,0.01951129175722599
0,0.09318817406892776
0,0.0846283957362175
0,0.007459070533514023
0,0.0537700392305851
0,0.038204126060009
0,0.021524302661418915
1,0.08567498624324799
0,0.10433417558670044
1,0.10299325734376907
0,0.031915463507175446
0,0.01673118770122528
0,0.06162387132644653
0,0.004368249326944351
0,0.10060267895460129
0,0.08734836429357529
0,0.1456770896911621
0,0.05224621668457985
0,0.06308601796627045
0,0.045853134244680405
0,0.034750115126371384
0,0.072573721408844
0,0.0011453988263383508
0,0.013837886974215508
0,0.01588406041264534
0,0.023706143721938133
0,0.1062314361333847
0,0.18025825917720795
0,0.10153142362833023
0,0.0069714998826384544
0,0.07852358371019363
0,0.018679527565836906
0,0.07798758894205093
0,0.04681839048862457
0,0.07785620540380478
0,0.06356999278068542
0,0.1856105774641037
0,0.10347673296928406
0,0.04874619469046593
0,0.01460674125701189
0,0.036389388144016266
0,0.07620491832494736
0,0.06135471165180206
0,0.10281945765018463
0,0.1964820772409439
0,0.0023097556550055742
0,0.019672976806759834
0,0.059287507086992264
0,0.048578038811683655
0,0.013751550577580929
0,0.014360962435603142
0,0.05910906195640564
0,0.005711177363991737
0,0.022355610504746437
0,0.08455878496170044
0,0.028362387791275978
0,0.11332477629184723
1,0.11297469586133957
0,0.12950843572616577
1,0.1262488067150116
0,0.03492876887321472
0,0.11589404195547104
0,0.04051553085446358
0,0.08361987769603729
0,0.060292452573776245
0,0.011531926691532135
0,0.024730021134018898
0,0.06523280590772629
0,0.19506733119487762
0,0.04024616256356239
0,0.11037750542163849
0,0.015145429410040379
0,0.15688791871070862
0,0.018232522532343864
0,0.014688854105770588
0,0.10309004038572311
0,0.12571504712104797
0,0.10878405719995499
1,0.06646985560655594
0,0.02978992648422718
1,0.10283016413450241
0,0.03657977283000946
0,0.013555498793721199
0,0.05548975244164467
0,0.018478859215974808
0,0.07074816524982452
0,0.03180554509162903
0,0.020148133859038353
0,0.11326304078102112
0,0.036228734999895096
0,0.011357970535755157
0,0.006617358420044184
0,0.0007913421140983701
0,0.12067542970180511
0,0.08340585231781006
0,0.07149700075387955
0,0.18529190123081207
0,0.009311981499195099
0,0.058440160006284714
0,0.07404965162277222
0,0.118565633893013
0,0.023812593892216682
0,0.06907451152801514
0,0.12866854667663574
0,0.048501357436180115
0,0.004703381098806858
0,0.020854830741882324
0,0.15126964449882507
0,0.042854249477386475
1,0.09984973073005676
0,0.008354127407073975
0,0.16333995759487152
0,0.004363266285508871
0,0.012485022656619549
0,0.06009451299905777
0,0.18056292831897736
0,0.01737236976623535
0,0.09427214413881302
0,0.005754895508289337
0,0.07194740325212479
0,0.006670608185231686
0,0.013558931648731232
0,0.10678014159202576
0,0.019088709726929665
0,0.08945977687835693
0,0.0036946346517652273
0,0.07116296887397766
0,0.06301798671483994
0,0.009680867195129395
0,0.1058434545993805
1,0.0409514494240284
0,0.016387058421969414
0,0.05100710317492485
0,0.0351090207695961
0,0.06976257264614105
0,0.07219450920820236
0,0.025174379348754883
0,0.07971883565187454
0,0.0009989525424316525
0,0.04425959661602974
0,0.0837869942188263
0,0.08398725092411041
0,0.03050410747528076
0,0.0982440859079361
0,0.1337071657180786
0,0.1100105494260788
0,0.1124572679400444
0,0.11652746796607971
0,0.04740169644355774
0,0.03388688713312149
0,0.08426377177238464
0,0.009590688161551952
0,0.12379366159439087
0,0.0068521276116371155
0,0.01994892954826355
0,0.022288499400019646
0,0.014661564491689205
0,0.054641105234622955
0,0.047256406396627426
0,0.010512498207390308
0,0.010468384250998497
0,0.07389029115438461
0,0.10540841519832611
1,0.14606080949306488
0,0.006256722379475832
0,0.12989480793476105
0,0.06836479902267456
0,0.053275544196367264
0,0.02499714493751526
0,0.14492252469062805
0,0.00964268296957016
0,0.023813443258404732
0,0.09188340604305267
0,0.09287622570991516
0,0.03311994671821594
0,0.013300532475113869
0,0.04823227599263191
0,0.05186225101351738
0,0.14209695160388947
0,0.022843191400170326
0,0.053100693970918655
0,0.04216451942920685
0,0.0709344670176506
0,0.08765873312950134
0,0.052590154111385345
0,0.09527383744716644
1,0.10283450037240982
0,0.1526336371898651
1,0.18083496391773224
0,0.10893397778272629
0,0.006672878749668598
0,0.15164180099964142
1,0.11600301414728165
0,0.030597370117902756
0,0.05099431052803993
0,0.046033330261707306
0,0.03419953212141991
0,0.10323256999254227
0,0.010544348508119583
0,0.02531229332089424
0,0.10159745812416077
0,0.06109122931957245
0,0.1020081490278244
0,0.07793247699737549
0,0.14219681918621063
0,0.03416639193892479
0,0.004904480185359716
0,0.2092686891555786
0,0.1362375020980835
0,0.06851455569267273
0,0.15210510790348053
0,0.006286828778684139
0,0.013028708286583424
0,0.06795742362737656
0,0.1142246201634407
0,0.107126884162426
0,0.05051252990961075
0,0.036925267428159714
0,0.17414091527462006
0,0.03580990433692932
0,0.03948138281702995
0,0.08542811870574951
0,0.045485589653253555
0,0.0034224174451082945
0,0.031905997544527054
0,0.022267380729317665
0,0.18645897507667542
0,0.0954551100730896
0,0.03190497308969498
0,0.04770780727267265
0,0.15792055428028107
0,0.04337845370173454
0,0.003880769480019808
0,0.004800447262823582
0,0.15450195968151093
0,0.08471948653459549
0,0.07485385239124298
0,0.10050220787525177
0,0.13834619522094727
0,0.04541613906621933
0,0.09100519865751266
0,0.051764942705631256
0,0.19537407159805298
0,0.002464747056365013
0,0.052939124405384064
0,0.005541990976780653
0,0.08377086371183395
0,0.0035014052409678698
0,0.04071720689535141
0,0.0361410528421402
0,0.008817319758236408
0,0.06086422875523567
0,0.18556484580039978
0,0.04285968467593193
0,0.10423220694065094
0,0.09797871857881546
1,0.19174642860889435
0,0.10697519779205322
0,0.13312847912311554
0,0.07478833198547363
0,0.0396546795964241
0,0.051826123148202896
0,0.006646092515438795
0,0.07750129699707031
0,0.0039928629994392395
0,0.10776646435260773
0,0.02058234065771103
0,0.07362531870603561
0,0.01782872900366783
0,0.04304993897676468
0,0.09343542903661728
0,0.09208569675683975
0,0.060882654041051865
0,0.07855009287595749
0,0.029113050550222397
0,0.01198529452085495
0,0.034724775701761246
0,0.13529758155345917
0,0.015981821343302727
0,0.013403783552348614
0,0.05383441597223282
0,0.04517684131860733
0,0.07230380177497864
1,0.0866275355219841
0,0.17324894666671753
0,0.052071671932935715
0,0.01791328191757202
0,0.03025776334106922
0,0.041714586317539215
0,0.08768561482429504
0,0.03422216698527336
0,0.06369145214557648
0,0.004819356370717287
0,0.04534675180912018
1,0.1335698664188385
0,0.017132095992565155
0,0.041036635637283325
0,0.07278140634298325
0,0.022112248465418816
0,0.002711760811507702
0,0.008446196094155312
0,0.006563376635313034
1,0.1625990867614746
0,0.08187703043222427
0,0.07877322286367416
0,0.008394476026296616
0,0.03955322876572609
0,0.06849430501461029
0,0.17166313529014587
0,0.02520741894841194
0,0.06727582961320877
0,0.014755641110241413
0,0.002250286052003503
0,0.017676040530204773
0,0.02356307953596115
0,0.07678508013486862
0,0.10577581822872162
0,0.17041900753974915
0,0.1625639945268631
0,0.120635986328125
0,0.13546033203601837
0,0.07679575681686401
0,0.0995638519525528
0,0.022854633629322052
0,0.056974757462739944
0,0.038804396986961365
0,0.03421724587678909
0,0.029380256310105324
0,0.15278445184230804
0,0.004924064036458731
0,0.00499843992292881
0,0.10996854305267334
0,0.005943940486758947
0,0.03530947491526604
0,0.19637267291545868
0,0.08057636767625809
0,0.14089305698871613
0,0.16248668730258942
0,0.01689206250011921
0,0.008797305636107922
0,0.02621721290051937
0,0.16145868599414825
0,0.06302376091480255
0,0.05399737134575844
0,0.05901602283120155
0,0.008753645233809948
0,0.06992864608764648
0,0.02010289952158928
0,0.0642704963684082
0,0.027272863313555717
0,0.012075241655111313
0,0.05052753537893295
0,0.0724048838019371
1,0.06764008104801178
0,0.1661674678325653
0,0.14684072136878967
0,0.0872068703174591
1,0.12220432609319687
0,0.054372772574424744
0,0.010820227675139904
0,0.07113991677761078
0,0.09721190482378006
0,0.04356616362929344
0,0.03698160871863365
0,0.0030082017183303833
0,0.1699952781200409
0,0.0656621903181076
0,0.023260002955794334
0,0.05301644280552864
0,0.13556444644927979
0,0.006974217016249895
0,0.03804460167884827
0,0.04136323928833008
0,0.0977264791727066
0,0.022768301889300346
0,0.03622746467590332
0,0.04780637100338936
0,0.09273193031549454
0,0.07668303698301315
0,0.01166077982634306
0,0.13656340539455414
0,0.061585184186697006
0,0.04926932603120804
0,0.026519162580370903
0,0.15405137836933136
0,0.161843404173851
0,0.06784462928771973
1,0.15294194221496582
0,0.11920412629842758
0,0.11997111886739731
0,0.004590634722262621
0,0.03351549804210663
0,0.04795271158218384
0,0.02843509614467621
0,0.07440000772476196
0,0.035444021224975586
0,0.014476162381470203
0,0.1436925232410431
0,0.0759962946176529
0,0.045585427433252335
0,0.017720714211463928
0,0.05238593742251396
1,0.12300041317939758
0,0.13463672995567322
0,0.004641043487936258
0,0.04385514184832573
0,0.07773814350366592
1,0.12004822492599487
0,0.10703294724225998
0,0.041246071457862854
0,0.0647025778889656
0,0.14133280515670776
0,0.009302210994064808
0,0.03911760821938515
0,0.04169639199972153
0,0.024824704974889755
0,0.06414790451526642
0,0.11077014356851578
0,0.11979272216558456
0,0.11121800541877747
0,0.0015351108741015196
0,0.008457700721919537
0,0.060988880693912506
0,0.008502806536853313
0,0.02777976542711258
0,0.055117249488830566
0,0.027089808136224747
0,0.0531429685652256
0,0.09006040543317795
0,0.1575888693332672
0,0.1773347407579422
0,0.03155163303017616
0,0.017793001607060432
0,0.06472774595022202
0,0.002622975967824459
0,0.024919724091887474
0,0.1165284663438797
0,0.06978898495435715
0,0.018341561779379845
1,0.08089117705821991
0,0.03951668366789818
0,0.03152836859226227
0,0.13236084580421448
0,0.04697862267494202
0,0.05927238240838051
0,0.06740649044513702
0,0.017818724736571312
0,0.02583000808954239
0,0.012891816906630993
0,0.007555117830634117
0,0.07172166556119919
0,0.1166059672832489
0,0.05368630588054657
0,0.12934544682502747
0,0.04201432317495346
0,0.11795669049024582
0,0.11879000067710876
0,0.13811278343200684
0,0.1780088245868683
0,0.020036807283759117
0,0.19130122661590576
0,0.017880842089653015
0,0.15378613770008087
1,0.07547037303447723
0,0.15624143183231354
0,0.1564207375049591
1,0.13783295452594757
0,0.09510760754346848
0,0.06499090790748596
0,0.058455631136894226
0,0.00982506014406681
0,0.09409745037555695
0,0.027997465804219246
0,0.031392067670822144
0,0.04914943873882294
0,0.1398870199918747
0,0.03652789071202278
1,0.03622673824429512
0,0.0011751226847991347
0,0.07842222601175308
0,0.0014121229760348797
0,0.07502395659685135
0,0.021161288022994995
0,0.1325167864561081
0,0.11877255886793137
0,0.016297824680805206
0,0.12233774363994598
0,0.016909809783101082
0,0.06025679036974907
0,0.03938040882349014
0,0.0647735670208931
0,0.03392576053738594
0,0.044087305665016174
0,0.02830095775425434
0,0.07396233826875687
0,0.16067440807819366
0,0.12645956873893738
1,0.10198269039392471
0,0.014030743390321732
0,0.0037869487423449755
0,0.15535777807235718
0,0.0034534253645688295
0,0.12473583966493607
0,0.13045671582221985
0,0.07123835384845734
0,0.01978013664484024
0,0.027707751840353012
0,0.004357460420578718
0,0.027694106101989746
0,0.05777119845151901
0,0.15258067846298218
0,0.03980739787220955
0,0.11491137742996216
0,0.03192346915602684
0,0.07912597805261612
0,0.048980094492435455
0,0.03926655650138855
0,0.015879740938544273
0,0.07836024463176727
0,0.042277369648218155
1,0.11298075318336487
0,0.0016174857737496495
0,0.0012429634807631373
0,0.06830210983753204
1,0.14088542759418488
0,0.00614190986379981
0,0.03159984573721886
1,0.18064063787460327
0,0.05613291636109352
0,0.08568952232599258
0,0.02760045975446701
0,0.12978799641132355
0,0.06136774271726608
0,0.003451840952038765
0,0.18788716197013855
0,0.0722188800573349
0,0.06310742348432541
0,0.010704746469855309
0,0.15149430930614471
0,0.108585424721241
0,0.0998985767364502
0,0.20391778647899628
0,0.10835284739732742
0,0.022222990170121193
0,0.055523794144392014
0,0.014408252201974392
0,0.07235272973775864
0,0.0816567912697792
0,0.06727340817451477
1,0.12542679905891418
0,0.04017123952507973
0,0.08723360300064087
0,0.1235666573047638
0,0.06224649026989937
0,0.12906129658222198
0,0.08821756392717361
0,0.18700160086154938
0,0.09282319992780685
0,0.054551925510168076
0,0.060911957174539566
0,0.09430636465549469
0,0.01936168409883976
0,0.10672368109226227
0,0.07510308176279068
0,0.020726198330521584
0,0.008250032551586628
0,0.013862933032214642
0,0.04112941026687622
0,0.10995335131883621
0,0.04982777684926987
0,0.14132753014564514
0,0.08090078830718994
0,0.09919768571853638
0,0.062325287610292435
0,0.12015856802463531
0,0.05653674155473709
0,0.033521246165037155
0,0.06613817065954208
0,0.0015390824992209673
0,0.05115126073360443
1,0.1645689755678177
0,0.057136643677949905
0,0.07493647187948227
1,0.15634338557720184
0,0.042649272829294205
0,0.011797264218330383
0,0.16906148195266724
0,0.13505658507347107
0,0.10512476414442062
0,0.02954288199543953
0,0.001822715625166893
0,0.16964726150035858
0,0.1163836196064949
0,0.15714606642723083
0,0.11434876918792725
1,0.0782860741019249
0,0.0034501729533076286
0,0.00536181777715683
0,0.07322943210601807
0,0.05644356086850166
0,0.09408535808324814
0,0.09055883437395096
0,0.029944147914648056
0,0.0670989528298378
0,0.17789210379123688
0,0.016365060582756996
0,0.08462335169315338
0,0.09037444740533829
0,0.04307900741696358
0,0.044587139040231705
0,0.031554557383060455
0,0.0058353678323328495
0,0.01596636138856411
0,0.14917771518230438
0,0.02516547217965126
0,0.03623364493250847
0,0.004835807718336582
0,0.12013909965753555
0,0.045867908746004105
0,0.10216516256332397
1,0.03296845033764839
0,0.12263265252113342
0,0.0725967213511467
0,0.0968354120850563
1,0.21187759935855865
0,0.052649326622486115
0,0.13407595455646515
0,0.04442291706800461
0,0.0017503955168649554
0,0.15847770869731903
0,0.029395507648587227
0,0.022472698241472244
0,0.03068353794515133
0,0.07617656141519547
0,0.0646003857254982
0,0.05371247977018356
0,0.03889966383576393
0,0.10220901668071747
0,0.04773969575762749
0,0.08808798342943192
0,0.08249916136264801
0,0.05240319296717644
0,0.01778077892959118
0,0.07173704355955124
0,0.10448106378316879
0,0.00483168289065361
0,0.023622704669833183
0,0.14599397778511047
0,0.023200545459985733
0,0.013951918110251427
0,0.018790315836668015
0,0.07090124487876892
0,0.0424872450530529
0,0.13012200593948364
1,0.04008975997567177
0,0.09206324070692062
0,0.0033096992410719395
0,0.03652743622660637
0,0.0729518011212349
0,0.07377972453832626
0,0.0813080295920372
0,0.07102271914482117
0,0.0451170951128006
0,0.031790830194950104
0,0.13730385899543762
0,0.019987115636467934
0,0.04858860746026039
1,0.11713103950023651
0,0.09732718765735626
0,0.07695679366588593
0,0.05696650221943855
0,0.11982539296150208
0,0.008153724484145641
0,0.05830838531255722
0,0.034975823014974594
0,0.004926703870296478
0,0.09418810904026031
0,0.030695509165525436
1,0.1571592539548874
1,0.13018210232257843
0,0.047796834260225296
0,0.08066815137863159
0,0.07847744226455688
0,0.030730003491044044
0,0.03280891105532646
0,0.06886627525091171
0,0.1033361405134201
0,0.060615088790655136
0,0.0061307321302592754
0,0.013203286565840244
0,0.07996713370084763
0,0.1414245367050171
0,0.05914447084069252
0,0.01885780319571495
0,0.09020794928073883
0,0.04611590504646301
0,0.06401688605546951
0,0.03274054452776909
0,0.04041621461510658
0,0.030548596754670143
0,0.1075797751545906
0,0.008503343909978867
0,0.04512830078601837
0,0.007133436389267445
0,0.07584444433450699
0,0.012760229408740997
0,0.10927721858024597
0,0.1538953185081482
0,0.13188596069812775
0,0.0085994778200984
0,0.07251429557800293
0,0.05498337745666504
0,0.0570661723613739
0,0.02112705633044243
0,0.0019825256895273924
0,0.06433616578578949
0,0.08600129187107086
0,0.14514976739883423
0,0.011218979023396969
1,0.12648102641105652
0,0.012493479065597057
0,0.014467138797044754
0,0.05083907023072243
0,0.03512761369347572
0,0.042030710726976395
0,0.016725650057196617
0,0.024779576808214188
0,0.10457015782594681
0,0.08471488207578659
0,0.043480999767780304
0,0.09516754746437073
0,0.0005238864105194807
0,0.0018916861154139042
0,0.1655573546886444
0,0.07143606245517731
0,0.009594812989234924
0,0.0174868181347847
0,0.07767008990049362
0,0.032185908406972885
0,0.017667420208454132
0,0.06977487355470657
0,0.00694033969193697
0,0.08384332060813904
0,0.018707456067204475
0,0.12735490500926971
0,0.013990106992423534
0,0.12670953571796417
0,0.027993666008114815
0,0.14389486610889435
0,0.03731922432780266
0,0.20748406648635864
0,0.20824992656707764
0,0.030678709968924522
0,0.08087220788002014
0,0.03393423184752464
0,0.05635136365890503
0,0.022957276552915573
0,0.016738472506403923
0,0.0024298587813973427
0,0.001934595638886094
0,0.05023063346743584
0,0.15663929283618927
0,0.07376377284526825
0,0.07422471791505814
0,0.04307194799184799
0,0.1203465461730957
0,0.04690346494317055
0,0.0009015637333504856
0,0.1512991189956665
0,0.12624655663967133
0,0.015197345055639744
0,0.1076745092868805
0,0.0640484094619751
0,0.03999815508723259
0,0.017312509939074516
0,0.011479572393000126
0,0.032667551189661026
0,0.04004928097128868
0,0.0013491172576323152
0,0.008515586145222187
1,0.056981611996889114
0,0.035218216478824615
0,0.14138320088386536
0,0.08729442209005356
0,0.00152219005394727
0,0.05758572742342949
0,0.05893467739224434
0,0.048227667808532715
0,0.042821355164051056
0,0.008574050851166248
0,0.07849790900945663
0,0.04743028059601784
0,0.04188629612326622
0,0.0732082650065422
0,0.0701465755701065
0,0.12797218561172485
0,0.07188974320888519
0,0.07621129602193832
0,0.05004037544131279
0,0.0665237233042717
1,0.10235267877578735
0,0.040678732097148895
0,0.099822998046875
0,0.001786694279871881
0,0.06580124795436859
0,0.16410911083221436
0,0.15530338883399963
0,0.04549849405884743
0,0.0314798541367054
0,0.0293547622859478
0,0.12304838001728058
0,0.023220021277666092
0,0.0890784040093422
0,0.08004371076822281
0,0.07384902238845825
0,0.09656670689582825
0,0.08595382422208786
0,0.0018000035779550672
0,0.12647876143455505
0,0.07450355589389801
0,0.1601216346025467
0,0.019908493384718895
0,0.11962854117155075
0,0.0892699807882309
0,0.01703537069261074
0,0.010557800531387329
1,0.052147276699543
0,0.08425518125295639
0,0.009945891797542572
0,0.0020760344341397285
1,0.09287459403276443
0,0.050680384039878845
0,0.02836146019399166
0,0.02545187994837761
0,0.09335153549909592
0,0.003882479388266802
0,0.03273330628871918
0,0.009020526893436909
0,0.00452892342582345
0,0.012658667750656605
0,0.015453939326107502
0,0.0017750287661328912
0,0.11458387970924377
0,0.11655423790216446
0,0.0045197997242212296
0,0.11303664743900299
0,0.11604054272174835
0,0.10475719720125198
1,0.036127325147390366
0,0.04858089238405228
0,0.015107987448573112
0,0.03635971620678902
0,0.07459498941898346
0,0.10951799154281616
0,0.013349455781280994
0,0.1191481351852417
0,0.0012522621545940638
0,0.08184793591499329
0,0.026152880862355232
0,0.17524556815624237
0,0.03210142254829407
0,0.17205291986465454
0,0.01531945914030075
0,0.17039793729782104
0,0.014656923711299896
0,0.003604382276535034
0,0.03828597068786621
0,0.08342751860618591
0,0.11462142318487167
0,0.042230404913425446
0,0.12088945508003235
0,0.09540511667728424
0,0.031067008152604103
0,0.001054918859153986
0,0.02062547765672207
0,0.024765443056821823
0,0.10481707751750946
0,0.014341355301439762
0,0.10044489800930023
0,0.15825603902339935
0,0.013975512236356735
0,0.056267980486154556
0,0.013486254960298538
0,0.00915600173175335
0,0.135700985789299
0,0.029345430433750153
0,0.05375894531607628
1,0.16560284793376923
0,0.020529024302959442
0,0.09259441494941711
0,0.030393311753869057
0,0.04223174974322319
0,0.008236762136220932
0,0.02973141148686409
0,0.02215060032904148
0,0.09854276478290558
0,0.006119128316640854
0,0.12782803177833557
0,0.07588104158639908
0,0.09452109783887863
0,0.0009426739416085184
0,0.015340973623096943
0,0.1257854551076889
0,0.004317068494856358
0,0.02749689109623432
0,0.005464974325150251
0,0.07656248658895493
0,0.08075322210788727
0,0.1395709365606308
0,0.14560730755329132
0,0.12304386496543884
0,0.09309987723827362
0,0.026460781693458557
0,0.04500722512602806
0,0.05600105971097946
0,0.012527651153504848
0,0.012592571787536144
0,0.054385535418987274
0,0.009315396659076214
0,0.13559453189373016
0,0.11473198980093002
0,0.049689747393131256
0,0.07543560862541199
1,0.12236236035823822
0,0.1690194010734558
0,0.09856205433607101
0,0.021594276651740074
0,0.03151784464716911
0,0.15299659967422485
0,0.06551890075206757
0,0.1147485226392746
0,0.10408864170312881
0,0.13548880815505981
0,0.03970158472657204
0,0.004389541689306498
0,0.06648454070091248
0,0.10408584773540497
0,0.02404991164803505
0,0.02239425666630268
0,0.009225294925272465
0,0.12494444847106934
0,0.0005648773512803018
0,0.050383977591991425
0,0.01660526543855667
0,0.016117921099066734
0,0.04233388230204582
0,0.08957286924123764
0,0.003175378544256091
0,0.0803481787443161
0,0.0730815976858139
0,0.06963839381933212
0,0.02805604226887226
0,0.039454713463783264
