ddh_risk,true_labels
0.005094475112855434,0
0.0469551756978035,0
0.0186714306473732,0
0.003056234447285533,0
0.07431035488843918,1
0.04121818393468857,0
0.014786021783947945,0
0.19226020574569702,0
0.04292513430118561,0
0.006388671230524778,0
0.0053071011789143085,0
0.04941251873970032,0
0.01174988690763712,0
0.221872016787529,0
0.0417858324944973,0
0.021831965073943138,0
0.011316862888634205,0
0.016515487805008888,0
0.028325676918029785,0
0.10088372230529785,0
0.1098518893122673,0
0.09494440257549286,1
0.023277398198843002,0
0.010570562444627285,0
0.004262433387339115,0
0.06012246757745743,0
0.03133105859160423,0
0.012953396886587143,0
0.016905026510357857,0
0.01525900512933731,0
0.25717777013778687,1
0.01728108897805214,0
0.02915322221815586,0
0.26446664333343506,0
0.10800418257713318,0
0.19528457522392273,1
0.020980382338166237,0
0.30573898553848267,1
0.2602680027484894,1
0.015237084589898586,0
0.09071488678455353,0
0.020996924489736557,0
0.04588985815644264,0
0.021934501826763153,0
0.037310563027858734,0
0.16181540489196777,0
0.007219423074275255,0
0.008845924399793148,0
0.26737329363822937,0
0.0015219656052067876,0
0.0681791678071022,0
0.3071775734424591,0
0.1470356583595276,1
0.008645298890769482,0
0.05207916349172592,0
0.12389497458934784,0
0.18259933590888977,0
0.026463527232408524,0
0.022646989673376083,0
0.15607988834381104,0
0.1073266863822937,0
0.1817702203989029,0
0.13843855261802673,0
0.14455311000347137,0
0.05295487493276596,0
0.10209744423627853,0
0.016737334430217743,0
0.2084013670682907,0
0.08854533731937408,0
0.01427004486322403,0
0.3071775734424591,0
0.0935058444738388,0
0.04927174001932144,0
0.009368118830025196,0
0.04425947740674019,1
0.07400688529014587,1
0.10692841559648514,0
0.013880445621907711,0
0.2741031050682068,1
0.07386094331741333,0
0.016645211726427078,0
0.10876843333244324,0
0.19648367166519165,0
0.09974459558725357,0
0.13556407392024994,0
0.059229008853435516,0
0.01105838268995285,0
0.26549482345581055,0
0.09685909003019333,0
0.014205876737833023,0
0.06048352271318436,0
0.06124169006943703,0
0.11581466346979141,0
0.004202964715659618,0
0.12810009717941284,0
0.05352116748690605,0
0.2855599522590637,0
0.014819672331213951,0
0.01563427224755287,0
0.05925711989402771,0
0.052504438906908035,0
0.15313583612442017,0
0.10093975067138672,0
0.3071775734424591,1
0.14779634773731232,0
0.0566442608833313,1
0.051350146532058716,0
0.060667335987091064,0
0.013471785001456738,0
0.18267327547073364,0
0.07436974346637726,0
0.03861954063177109,0
0.1484251618385315,0
0.04567674919962883,0
0.20495063066482544,1
0.18642711639404297,0
0.10361285507678986,0
0.2757376432418823,0
0.035297080874443054,0
0.3071775734424591,1
0.0072134630754590034,0
0.3071775734424591,0
0.22798016667366028,1
0.011740661226212978,0
0.0326869823038578,0
0.008962767198681831,0
0.02326793409883976,0
0.13674567639827728,0
0.3031516671180725,0
0.06287416070699692,0
0.045400675386190414,0
0.11646051704883575,0
0.02200247347354889,0
0.25200992822647095,0
0.012331382371485233,0
0.07076442986726761,0
0.11320847272872925,0
0.06044061481952667,0
0.16908769309520721,0
0.3071775734424591,1
0.29220253229141235,0
0.0045412685722112656,0
0.0856710895895958,0
0.010797422379255295,0
0.03654634207487106,0
0.15232737362384796,0
0.03172088414430618,0
0.008023032918572426,0
0.2806163728237152,0
0.15510788559913635,0
0.022874390706419945,0
0.23954395949840546,0
0.16726310551166534,0
0.14216962456703186,0
0.3050081133842468,0
0.0015425494639202952,0
0.00783163495361805,0
0.2835232615470886,0
0.09163863211870193,0
0.184798464179039,1
0.025545813143253326,1
0.008328128606081009,0
0.022623905912041664,0
0.10551097989082336,0
0.09800270199775696,0
0.019864484667778015,0
0.1849927455186844,1
0.010690194554626942,0
0.30701565742492676,0
0.014235598966479301,0
0.02323589287698269,0
0.004419658333063126,0
0.0022054696455597878,0
0.00837018247693777,0
0.009812474250793457,0
0.05576576292514801,0
0.15134476125240326,0
0.10405586659908295,0
0.13110673427581787,0
0.009663114324212074,0
0.09840846806764603,0
0.28901830315589905,0
0.30014413595199585,1
0.029366105794906616,0
0.005423677619546652,0
0.16227565705776215,0
0.18818844854831696,0
0.2554040849208832,0
0.0912499949336052,0
0.05997755378484726,0
0.07372114807367325,0
0.025788381695747375,0
0.003360976930707693,0
0.017963266000151634,0
0.0034729421604424715,0
0.2232249230146408,0
0.05975216627120972,0
0.01916508935391903,0
0.04022764042019844,1
0.16046097874641418,0
0.10782796144485474,0
0.030419358983635902,0
0.06449829787015915,0
0.14434847235679626,0
0.07360541820526123,0
0.06432891637086868,0
0.1521061509847641,1
0.27338719367980957,1
0.018088728189468384,0
0.002577650360763073,0
0.18926341831684113,0
0.004925339017063379,0
0.09875322878360748,0
0.3071775734424591,0
0.06598914414644241,0
0.08740977197885513,0
0.22163374722003937,0
0.01717047579586506,0
0.15342986583709717,0
0.0363084115087986,0
0.012289103120565414,0
0.0463716946542263,0
0.05399986356496811,0
0.18353405594825745,0
0.04688744619488716,0
0.016281835734844208,0
0.23946861922740936,0
0.008033327758312225,0
0.010774158872663975,0
0.01342686265707016,0
0.12100908905267715,0
0.08109983056783676,0
0.17685465514659882,0
0.26708078384399414,0
0.014209373854100704,0
0.05791754275560379,0
0.08085145801305771,0
0.0648084431886673,0
0.22034502029418945,0
0.004084101412445307,0
0.1090400218963623,0
0.046415720134973526,0
0.2580622136592865,1
0.1853671818971634,0
0.006340373307466507,0
0.08515823632478714,0
0.006297445390373468,0
0.004101595375686884,0
0.009660664945840836,0
0.01067238301038742,0
0.011003361083567142,0
0.009850768372416496,0
0.0742734894156456,0
0.004266506526619196,0
0.150331050157547,0
0.025799524039030075,0
0.008126890286803246,0
0.3043355345726013,1
0.12073439359664917,0
0.00786572229117155,0
0.10937531292438507,0
0.038569431751966476,0
0.10727515816688538,0
0.07948575913906097,0
0.005177444312721491,0
0.04053414240479469,0
0.005969920661300421,0
0.031215649098157883,0
0.003974058199673891,0
0.1531549096107483,0
0.01317467913031578,0
0.2413458228111267,0
0.02324802801012993,0
0.1570649892091751,0
0.006035977974534035,0
0.12998969852924347,0
0.12028893083333969,0
0.003215187694877386,0
0.14764417707920074,0
0.04043572396039963,1
0.1333458423614502,0
0.07181620597839355,0
0.12053927779197693,0
0.29865097999572754,0
0.20702308416366577,0
0.30631405115127563,0
0.02622922882437706,0
0.05102258920669556,0
0.03105715662240982,0
0.09295796602964401,0
0.025778140872716904,0
0.012444423511624336,0
0.06963256001472473,0
0.10695701837539673,0
0.041990332305431366,0
0.006239799316972494,0
0.2735142111778259,0
0.20439209043979645,1
0.11758983135223389,0
0.19897209107875824,0
0.08194660395383835,0
0.10195762664079666,0
0.030145566910505295,0
0.13181453943252563,0
0.2107723504304886,0
0.12150458246469498,0
0.2795475423336029,0
0.010627229698002338,0
0.03280035778880119,1
0.025019312277436256,0
0.21708694100379944,0
0.07157538086175919,0
0.0021176317241042852,0
0.06361611932516098,0
0.04429887607693672,0
0.02009696140885353,0
0.0045175570994615555,0
0.2419450730085373,0
0.030074043199419975,0
0.10952122509479523,0
0.029582969844341278,0
0.0925462618470192,0
0.1670924723148346,0
0.07354355603456497,0
0.04661335423588753,0
0.042177096009254456,0
0.030243178829550743,0
0.07279781997203827,0
0.04597657918930054,0
0.06520723551511765,0
0.015923868864774704,0
0.06702686846256256,0
0.055845875293016434,0
0.068680040538311,0
0.20476177334785461,0
0.008968079462647438,0
0.05217470973730087,0
0.29220670461654663,0
0.04432951286435127,0
0.05020170658826828,0
0.0680316686630249,1
0.04852747544646263,0
0.003107164753600955,0
0.009193530306220055,0
0.009291205555200577,0
0.002485622651875019,0
0.15631939470767975,0
0.05720776319503784,0
0.1808546632528305,0
0.0030367299914360046,0
0.15811212360858917,0
0.05955767259001732,0
0.012329642660915852,0
0.04596506804227829,0
0.16795802116394043,1
0.30053645372390747,0
0.058549534529447556,0
0.008202389813959599,0
0.05020878463983536,0
0.2905310392379761,0
0.06395923346281052,0
0.012846824713051319,0
0.01739891991019249,0
0.03240423649549484,0
0.12031856924295425,0
0.06027951464056969,0
0.11612109839916229,0
0.06165022403001785,0
0.09376830607652664,0
0.015066961757838726,0
0.014212291687726974,0
0.008647708222270012,0
0.07331733405590057,0
0.014092004857957363,0
0.3071775734424591,0
0.007806011941283941,0
0.04474935308098793,0
0.010566722601652145,0
0.1993604302406311,1
0.030612196773290634,0
0.004686668049544096,1
0.03286728262901306,0
0.19212567806243896,0
0.2893163561820984,0
0.002674386603757739,0
0.25586071610450745,0
0.08610542118549347,0
0.00746495183557272,0
0.028239984065294266,0
0.025972383096814156,0
0.050062548369169235,0
0.04899956285953522,0
0.0050264811143279076,0
0.08183083683252335,1
0.05691423639655113,0
0.2994298040866852,1
0.004870154894888401,0
0.006001870147883892,0
0.10144151002168655,0
0.0727086067199707,0
0.08572641760110855,0
0.02253132127225399,0
0.12814688682556152,0
0.1923685520887375,1
0.22563917934894562,0
0.004256415646523237,0
0.26557013392448425,0
0.061205197125673294,0
0.004013425670564175,0
0.02745983935892582,0
0.07338636368513107,0
0.004355463199317455,0
0.004574588965624571,0
0.2869064211845398,1
0.21492283046245575,0
0.059184979647397995,0
0.020808901637792587,0
0.08359631896018982,0
0.1234334334731102,0
0.033332206308841705,0
0.10720009356737137,0
0.0714467316865921,0
0.13065111637115479,0
0.054442398250103,1
0.006349431816488504,0
0.07099126279354095,0
0.004945844877511263,0
0.16887424886226654,0
0.0544402189552784,0
0.2722706198692322,0
0.13483621180057526,0
0.004751298110932112,0
0.026627715677022934,0
0.0031296205706894398,0
0.14213888347148895,0
0.049533549696207047,0
0.0474855862557888,0
0.004735187627375126,0
0.10333777964115143,0
0.19744233787059784,0
0.013100185431540012,0
0.0025533786974847317,0
0.028793176636099815,0
0.0017768240068107843,0
0.019226867705583572,0
0.0022923615761101246,0
0.006915250327438116,0
0.2021893560886383,0
0.041294585913419724,0
0.0978451669216156,0
0.19639475643634796,1
0.09885503351688385,0
0.0671791359782219,0
0.04242626950144768,0
0.05740920826792717,1
0.01035892590880394,0
0.014156598597764969,0
0.033183179795742035,0
0.016976704820990562,0
0.004127088934183121,0
0.002676845295354724,0
0.011322674341499805,0
0.015220187604427338,0
0.1276058852672577,1
0.17824770510196686,0
0.0914267972111702,0
0.021360574290156364,0
0.1739024817943573,1
0.2679387629032135,1
0.05334937199950218,0
0.014013344421982765,0
0.06070505082607269,0
0.009194091893732548,0
0.007089503575116396,0
0.1833520382642746,0
0.06696309894323349,0
0.11325429379940033,0
0.018366338685154915,0
0.08314038068056107,0
0.04341965168714523,0
0.034140702337026596,0
0.022672900930047035,0
0.1095447912812233,0
0.03057740069925785,0
0.012877501547336578,0
0.015825916081666946,0
0.011223109439015388,0
0.00852038525044918,0
0.05582534894347191,0
0.040530066937208176,0
0.0037521026097238064,0
0.12355329841375351,0
0.28569334745407104,1
0.05084659904241562,0
0.010860275477170944,0
0.21493762731552124,0
0.010899040848016739,0
0.06472502648830414,0
0.003864896483719349,0
0.01374763622879982,0
0.05574541538953781,0
0.01291193999350071,0
0.050447870045900345,0
0.3071775734424591,1
0.004192065447568893,1
0.009118677116930485,0
0.3071775734424591,0
0.12881362438201904,0
0.04130059480667114,0
0.010232636705040932,0
0.011129087768495083,0
0.04545789957046509,0
0.19213755428791046,0
0.05032222718000412,1
0.01334088109433651,0
0.0709429457783699,1
0.2503413259983063,0
0.1717257797718048,0
0.3071775734424591,0
0.005430722609162331,0
0.09126467257738113,0
0.04345347732305527,0
0.02029409259557724,1
0.19308669865131378,0
0.29343029856681824,0
0.09642955660820007,0
0.052305348217487335,0
0.07566951215267181,0
0.05264713615179062,0
0.031850703060626984,0
0.28567472100257874,1
0.052456002682447433,0
0.029059771448373795,0
0.054693326354026794,0
0.033990371972322464,0
0.008683635853230953,0
0.007475569844245911,0
0.047319263219833374,0
0.09985228627920151,0
0.11174091696739197,0
0.19130271673202515,0
0.0854114443063736,0
0.027838224545121193,0
0.11836645007133484,0
0.3071775734424591,1
0.02314009889960289,0
0.2697924077510834,0
0.048287730664014816,0
0.09660995751619339,0
0.0049274880439043045,0
0.24913673102855682,0
0.10086116194725037,0
0.08814399689435959,0
0.058145880699157715,0
0.02547334134578705,0
0.1500118225812912,0
0.02621113508939743,0
0.2633683979511261,0
0.02750031277537346,0
0.07545869052410126,0
0.12223944067955017,0
0.0626174807548523,0
0.009710952639579773,0
0.024620458483695984,0
0.004846309777349234,0
0.026754794642329216,0
0.042413391172885895,0
0.01630505360662937,0
0.03849024325609207,0
0.08225811272859573,0
0.058330364525318146,0
0.029784156009554863,0
0.09664522111415863,0
0.06553639471530914,0
0.0052091144025325775,0
0.00340163242071867,0
0.012448522262275219,0
0.04994158074259758,0
0.21388369798660278,0
0.014634323306381702,0
0.09843335300683975,0
0.00795371551066637,0
0.009706947021186352,0
0.016267530620098114,1
0.30240389704704285,1
0.09907791018486023,0
0.24229593575000763,0
0.13607172667980194,0
0.3060302436351776,0
0.08170797675848007,0
0.061891719698905945,0
0.00589754618704319,0
0.07038895040750504,0
0.00657156016677618,0
0.05371534079313278,0
0.007548657711595297,0
0.24379608035087585,1
0.06278123706579208,0
0.2216225266456604,0
0.19588090479373932,0
0.03945797309279442,0
0.06892648339271545,0
0.04327820986509323,0
0.1701667308807373,0
0.058041706681251526,0
0.006990913767367601,0
0.22745931148529053,0
0.2941262722015381,0
0.3053770959377289,0
0.0336894690990448,0
0.22078344225883484,0
0.2674548327922821,0
0.0106973173096776,0
0.06629406660795212,0
0.017835579812526703,0
0.3071649968624115,1
0.0732521340250969,0
0.026414118707180023,0
0.009013835340738297,0
0.011283449828624725,0
0.06378601491451263,0
0.30706241726875305,0
0.08384805172681808,0
0.004283389076590538,0
0.2627466320991516,0
0.028600472956895828,0
0.03391343727707863,0
0.042132314294576645,0
0.06775293499231339,0
0.23339051008224487,0
0.0966574028134346,0
0.011505892500281334,0
0.0496031679213047,0
0.07062080502510071,0
0.008533579297363758,0
0.1956106275320053,0
0.10822378098964691,0
0.05156886950135231,0
0.109532430768013,0
0.025788722559809685,0
0.06030704453587532,0
0.20210421085357666,1
0.03172045201063156,0
0.21521200239658356,0
0.009764619171619415,0
0.008678429760038853,0
0.015217462554574013,0
0.0030246535316109657,0
0.03854887932538986,0
0.22939561307430267,0
0.04986572265625,0
0.08480428904294968,0
0.17550967633724213,1
0.13012126088142395,0
0.0629972368478775,0
0.13100199401378632,1
0.09207337349653244,0
0.10650729387998581,0
0.29115748405456543,1
0.09176953881978989,0
0.3071775734424591,1
0.06309699267148972,0
0.04558875411748886,0
0.0417955107986927,0
0.018687177449464798,0
0.02397785894572735,0
0.19997282326221466,1
0.07794230431318283,0
0.07175654917955399,0
0.1633581817150116,0
0.012665118090808392,0
0.04562308266758919,1
0.005529857240617275,0
0.07256998866796494,0
0.059146713465452194,1
0.001915025059133768,0
0.03504599630832672,0
0.06965705752372742,0
0.04107129946351051,0
0.03529864177107811,0
0.021165484562516212,0
0.03794495016336441,0
0.03425413742661476,0
0.27969205379486084,0
0.0274557713419199,0
0.0034219250082969666,0
0.1151547059416771,0
0.1656414419412613,1
0.06866072118282318,0
0.017516041174530983,0
0.005722177680581808,0
0.030014529824256897,0
0.03674258291721344,0
0.02934652753174305,0
0.07862655073404312,0
0.04197191819548607,0
0.21593394875526428,0
0.01081257127225399,0
0.04220663756132126,0
0.10694047808647156,0
0.022525539621710777,0
0.047482144087553024,0
0.03828287124633789,0
0.0718214362859726,0
0.3071775734424591,0
0.04305709898471832,0
0.024527480825781822,0
0.019586561247706413,0
0.17976713180541992,0
0.18047049641609192,0
0.10170329362154007,0
0.28178849816322327,0
0.04999745637178421,0
0.11302604526281357,0
0.3071775734424591,1
0.0532311350107193,0
0.09390456229448318,0
0.08021517843008041,0
0.023675324395298958,0
0.0017925313441082835,0
0.09958367794752121,0
0.17026901245117188,0
0.050766896456480026,0
0.03024648316204548,0
0.03254806995391846,0
0.20340768992900848,1
0.0429551899433136,0
0.009679117240011692,0
0.002477100817486644,0
0.07479491084814072,1
0.06349293142557144,0
0.04138373211026192,0
0.19157098233699799,0
0.019285233691334724,0
0.017621537670493126,0
0.01093900203704834,0
0.3071775734424591,1
0.04325410723686218,0
0.04341388866305351,0
0.018418217077851295,0
0.09387950599193573,1
0.04860414192080498,0
0.1374039500951767,0
0.01477899681776762,0
0.12879040837287903,0
0.09443296492099762,0
0.004089200869202614,0
0.2836865484714508,0
0.01508633978664875,0
0.004726983606815338,0
0.143357053399086,0
0.1266431361436844,0
0.06406262516975403,0
0.015564825385808945,0
0.05847587063908577,0
0.14179837703704834,0
0.08396834135055542,0
0.24478404223918915,0
0.023117292672395706,0
0.017561810091137886,0
0.002095119096338749,0
0.02309771440923214,0
0.13442115485668182,0
0.2385963350534439,0
0.007427412550896406,0
0.02313874289393425,0
0.03138496354222298,0
0.07129905372858047,0
0.2554028332233429,0
0.22884468734264374,0
0.12487626075744629,0
0.17613747715950012,0
0.04604481905698776,0
0.002546111587435007,0
0.06857790797948837,0
0.06906288862228394,0
0.18649697303771973,0
0.19229140877723694,0
0.1570717841386795,0
0.019172722473740578,0
0.038452815264463425,0
0.17214977741241455,0
0.13961303234100342,0
0.17576612532138824,0
0.3069753646850586,0
0.23415930569171906,1
0.030325965955853462,1
0.24108172953128815,0
0.1556474268436432,0
0.014814176596701145,0
0.0404633954167366,0
0.007965544238686562,0
0.0816347599029541,0
0.06617993861436844,1
0.3071775734424591,0
0.02473776414990425,0
0.008147304877638817,0
0.010827535763382912,0
0.09423143416643143,0
0.027543077245354652,0
0.010567951947450638,0
0.09037033468484879,0
0.007957547903060913,0
0.017344746738672256,0
0.017740176990628242,0
0.034655965864658356,0
0.20357158780097961,0
0.015647651627659798,0
0.012246759608387947,0
0.12436597794294357,0
0.2620336711406708,0
0.07382606714963913,0
0.00908546894788742,0
0.22406019270420074,1
0.27332502603530884,0
0.3071775734424591,0
0.19079159200191498,0
0.006471365690231323,0
0.016878150403499603,0
0.008793889544904232,0
0.01571749895811081,0
0.11505907773971558,1
0.05834916606545448,1
0.06852433830499649,0
0.013208945281803608,0
0.027147196233272552,0
0.018643176183104515,0
0.011493964120745659,0
0.17374257743358612,0
0.3071775734424591,0
0.011159902438521385,0
0.0661311000585556,0
0.06078876182436943,0
0.0054884678684175014,0
0.028997326269745827,0
0.06744858622550964,0
0.17299361526966095,0
0.021391328424215317,0
0.0073789688758552074,0
0.10059033334255219,0
0.030564339831471443,0
0.04825213551521301,0
0.2664613127708435,0
0.04077173396945,0
0.0478341169655323,0
0.059460416436195374,0
0.024134567007422447,0
0.08364010602235794,0
0.18582747876644135,0
0.014538204297423363,0
0.024974100291728973,0
0.012804106809198856,1
0.06220287084579468,0
0.2362121194601059,0
0.061348117887973785,0
0.04648280888795853,0
0.035346366465091705,0
0.011410887353122234,0
0.04226812347769737,0
0.004181867931038141,0
0.030317384749650955,0
0.0072007691487669945,0
0.020697589963674545,0
0.01024855487048626,1
0.17453081905841827,0
0.3071775734424591,0
0.003164449008181691,0
0.09412607550621033,0
0.16165433824062347,1
0.004679149016737938,0
0.01654026098549366,0
0.032602377235889435,0
0.3071775734424591,0
0.15418818593025208,0
0.010056709870696068,0
0.05708475410938263,0
0.022291800007224083,0
0.1678423136472702,1
0.003707729745656252,0
0.03594869002699852,0
0.003630739403888583,0
0.004813218489289284,0
0.0630025863647461,0
0.03894857317209244,0
0.01815888285636902,0
0.024359622970223427,0
0.22035184502601624,0
0.009709682315587997,0
0.2725616991519928,1
0.019719282165169716,0
0.07968724519014359,0
0.06539780646562576,0
0.23016393184661865,0
0.020914243534207344,0
0.07169079035520554,0
0.3071775734424591,0
0.2683027684688568,1
0.10535254329442978,0
0.01795145869255066,0
0.09877036511898041,1
0.30572766065597534,0
0.06473953276872635,0
0.1434149146080017,0
0.1763283759355545,1
0.06867912411689758,0
0.050897981971502304,0
0.0674654170870781,0
0.0036594001576304436,0
0.07623440772294998,0
0.14834654331207275,0
0.1258118450641632,0
0.010652435943484306,0
0.2846762537956238,1
0.058048248291015625,0
0.012231783010065556,0
0.26717036962509155,1
0.3064352571964264,0
0.010858539491891861,0
0.04214801266789436,0
0.052901964634656906,0
0.028558241203427315,0
0.03397249057888985,0
0.1972263753414154,0
0.03731004521250725,0
0.1681177318096161,0
0.006683642510324717,0
0.04709591343998909,0
0.2964516282081604,0
0.00947329867631197,0
0.016540994867682457,0
0.16903261840343475,0
0.033068034797906876,0
0.027944263070821762,0
0.30321550369262695,0
0.024200212210416794,0
0.025610242038965225,0
0.0028718134853988886,0
0.04930252954363823,0
0.19259221851825714,0
0.23516084253787994,0
0.007340727373957634,0
0.10097160935401917,0
0.004950068425387144,0
0.011468821205198765,0
0.2572444677352905,0
0.14274364709854126,0
0.10870612412691116,0
0.005877819377928972,0
0.04037846624851227,0
0.06390762329101562,0
0.00808360893279314,0
0.20409895479679108,0
0.30703556537628174,0
0.06020159646868706,0
0.02424170821905136,0
0.08030544221401215,0
0.047409605234861374,0
0.03808129206299782,0
0.1301165670156479,0
0.23299247026443481,0
0.007348746061325073,0
0.019323550164699554,0
0.21850425004959106,0
0.16178423166275024,0
0.024351533502340317,0
0.28469419479370117,0
0.2100975066423416,0
0.14130742847919464,0
0.07524950802326202,0
0.015037622302770615,0
0.010646700859069824,0
0.10055366903543472,1
0.160427063703537,0
0.03912772238254547,0
0.0329948328435421,0
0.04271269589662552,0
0.0632442906498909,0
0.058827534317970276,0
0.03196939080953598,0
0.0359254889190197,0
0.025316115468740463,0
0.005367616191506386,0
0.007095897104591131,0
0.18294841051101685,0
0.06939651817083359,0
0.20553261041641235,0
0.01924394816160202,0
0.011993661522865295,0
0.05139699578285217,0
0.08079665154218674,1
0.037985675036907196,0
0.19322291016578674,1
0.040781959891319275,0
0.30700916051864624,1
0.08658099174499512,0
0.16994954645633698,0
0.01525900699198246,0
0.052039019763469696,0
0.19049791991710663,0
0.03629814460873604,0
0.08528638631105423,0
0.06530141085386276,0
0.007605175022035837,0
0.1570301353931427,0
0.022589193657040596,0
0.01068163849413395,0
0.3071775734424591,0
0.012299220077693462,0
0.21373330056667328,0
0.026503169909119606,0
0.02312319725751877,0
0.043571215122938156,0
0.07170478254556656,0
0.1268865466117859,0
0.008487074635922909,0
0.04704762622714043,0
0.09737526625394821,0
0.22884000837802887,0
0.12704163789749146,0
0.006600173655897379,1
0.2719322443008423,1
0.29950228333473206,0
0.2127365618944168,0
0.2729845643043518,0
0.14759479463100433,0
0.016801677644252777,0
0.02757990173995495,0
0.04354362562298775,0
0.002991774119436741,0
0.17164084315299988,1
0.0060821110382676125,0
0.14135031402111053,0
0.09783484786748886,0
0.045300982892513275,0
0.2731907367706299,0
0.0028864045161753893,0
0.02708457037806511,0
0.015965430065989494,0
0.21400274336338043,0
0.10294996947050095,0
0.2123470902442932,0
0.044727299362421036,0
0.14634805917739868,0
0.06079328805208206,0
0.3071775734424591,0
0.17430256307125092,0
0.03223145753145218,0
0.05140876770019531,0
0.13931426405906677,0
0.004179444629698992,0
0.16499224305152893,0
0.0026086161378771067,0
0.009609398432075977,0
0.05437047779560089,0
0.19571669399738312,0
0.03450743108987808,0
0.0046216086484491825,0
0.03530951216816902,0
0.032021064311265945,0
0.24044832587242126,0
0.021236317232251167,0
0.03909377008676529,1
0.003442560089752078,1
0.241433784365654,0
0.0550546832382679,0
0.06440912932157516,0
0.05666164681315422,0
0.12155576050281525,0
0.03563683107495308,0
0.027575882151722908,1
0.0069769215770065784,0
0.15222831070423126,0
0.30717381834983826,1
0.3071775734424591,0
0.26363956928253174,0
0.01307725626975298,0
0.004702056758105755,0
0.03454745560884476,0
0.03307618573307991,0
0.06023871526122093,0
0.026662813499569893,1
0.04256004840135574,0
0.02526618354022503,0
0.1871718168258667,0
0.02694760076701641,0
0.003580815624445677,0
0.007363531272858381,0
0.07511443644762039,0
0.011928925290703773,0
0.02889709174633026,0
0.02392430044710636,0
0.010570676065981388,0
0.3066405653953552,1
0.22413557767868042,1
0.07717859745025635,0
0.019260110333561897,0
0.06781983375549316,0
0.3071775734424591,1
0.06376684457063675,0
0.06793905049562454,0
0.09794765710830688,0
0.019523505121469498,0
0.044768981635570526,0
0.09916220605373383,0
0.026101091876626015,0
0.02488662116229534,0
0.05540633574128151,0
0.2985617518424988,0
0.01581674814224243,0
0.09226390719413757,0
0.3071775734424591,0
0.030899055302143097,0
0.07449918240308762,0
0.02056148461997509,0
0.12934941053390503,0
0.01930953562259674,0
0.029836246743798256,0
0.16457846760749817,0
0.09200331568717957,0
0.16072098910808563,0
0.02863442525267601,0
0.07856631278991699,0
0.04603362828493118,0
0.3071775734424591,0
0.08686909824609756,0
0.07243001461029053,0
0.05798987299203873,0
0.17608624696731567,1
0.04694942757487297,0
0.06387215852737427,0
0.10842526704072952,0
0.038236942142248154,0
0.1320137232542038,0
0.057339515537023544,0
0.0020650296937674284,0
0.1065898910164833,1
0.007472218479961157,0
0.155012845993042,1
0.028437796980142593,0
0.043991830199956894,0
0.02847866341471672,0
0.1990252435207367,0
0.25413912534713745,1
0.015394116751849651,0
0.02128400281071663,0
0.05205108970403671,0
0.02768171764910221,0
0.004360601305961609,0
0.2858247756958008,0
0.011585273779928684,0
0.025279125198721886,0
0.3071775734424591,0
0.04808086156845093,0
0.0282581839710474,0
0.061617109924554825,0
0.30534660816192627,0
0.20144248008728027,0
0.06956548243761063,0
0.08454091101884842,0
0.0033453013747930527,0
0.15127986669540405,0
0.21032418310642242,0
0.3071132004261017,0
0.16292019188404083,0
0.046186331659555435,0
0.07050932943820953,0
0.016247598454356194,0
0.12432149052619934,0
0.010939628817141056,0
0.01457707118242979,0
0.033029429614543915,0
0.2239651381969452,0
0.025071224197745323,0
0.03461696580052376,0
0.010327601805329323,0
0.09839436411857605,0
0.03215638920664787,0
0.0889713391661644,0
0.024011235684156418,0
0.03249690681695938,0
0.1797574907541275,0
0.2113017588853836,1
0.039868976920843124,0
0.007377119269222021,0
0.16711676120758057,0
0.021416785195469856,0
0.010619853623211384,0
0.01266615279018879,0
0.038391485810279846,0
0.03778836503624916,0
0.05363650619983673,0
0.21403677761554718,1
0.006104230415076017,0
0.0038579634856432676,0
0.16512730717658997,0
0.30323657393455505,0
0.04612995311617851,0
0.09381336718797684,0
0.012824437581002712,0
0.217027947306633,0
0.04203217849135399,0
0.019080352038145065,0
0.06726741045713425,0
0.13103003799915314,0
0.05474844202399254,0
0.0854097232222557,0
0.06599707156419754,0
0.3071775734424591,0
0.02469782531261444,0
0.1471199244260788,0
0.07099680602550507,0
0.04755543917417526,0
0.021001305431127548,0
0.02060522884130478,0
0.03597145527601242,0
0.07593269646167755,0
0.07125036418437958,0
0.23718999326229095,0
0.019154097884893417,0
0.0686323419213295,0
0.002387625863775611,0
0.0740768238902092,0
0.01380801573395729,0
0.04389830306172371,0
0.07511506229639053,0
0.010238883085548878,0
0.005925711244344711,0
0.05259261280298233,0
0.1458730548620224,0
0.1266627013683319,0
0.16920548677444458,0
0.006750273983925581,0
0.037903763353824615,0
0.17338871955871582,0
0.06456491351127625,0
0.010587469674646854,0
0.04050397872924805,0
0.12127555906772614,0
0.012686500325798988,0
0.0365816168487072,0
0.10058953613042831,0
0.028097037225961685,0
0.006930276285856962,0
0.11124036461114883,0
0.010447208769619465,0
0.10612016171216965,1
0.004333115182816982,0
0.012259861454367638,0
0.05103572458028793,0
0.17977775633335114,0
0.09262315928936005,1
0.23286543786525726,0
0.07747762650251389,0
0.07687897235155106,0
0.007988114841282368,0
0.002900927560403943,0
0.17051094770431519,0
0.2022208422422409,0
0.0013364867772907019,0
0.007257905323058367,0
0.031026916578412056,0
0.14633049070835114,0
0.18772760033607483,0
0.009104924276471138,0
0.017450105398893356,0
0.0035841669887304306,0
0.018684502691030502,0
0.051075953990221024,0
0.01868252456188202,0
0.027452541515231133,0
0.0397883765399456,0
0.016207842156291008,0
0.08391570299863815,0
0.2958321273326874,0
0.2989313304424286,0
0.20412014424800873,0
0.1416892111301422,0
0.06268700212240219,0
0.0439891591668129,0
0.22123968601226807,0
0.04489358142018318,0
0.08538199961185455,0
0.10013358294963837,0
0.0025363455060869455,0
0.07582646608352661,0
0.07049360871315002,0
0.01342796441167593,0
0.16818085312843323,0
0.04212808236479759,0
0.004796315915882587,0
0.026208966970443726,0
0.010204200632870197,0
0.13595858216285706,0
0.13025563955307007,0
0.10077062994241714,0
0.18094214797019958,0
0.008098003454506397,0
0.0927240177989006,0
0.05956452712416649,0
0.14009173214435577,0
0.03730892762541771,0
0.0354708656668663,0
0.14423681795597076,0
0.054940011352300644,0
0.16505314409732819,0
0.003527234774082899,0
0.012224310077726841,0
0.010696550831198692,0
0.05863557383418083,0
0.24873079359531403,0
0.007329278159886599,0
0.3071775734424591,0
0.003501241561025381,0
0.044058505445718765,0
0.0732741728425026,0
0.003698886139318347,0
0.03848809748888016,0
0.015428372658789158,0
0.06333229690790176,0
0.0686507597565651,0
0.09495523571968079,0
0.056578319519758224,0
0.3018868565559387,0
0.1593283712863922,0
0.012227497063577175,0
0.045113034546375275,0
0.17998121678829193,0
0.2518067955970764,0
0.08178254961967468,0
0.15143662691116333,0
0.018139462918043137,0
0.016067024320364,0
0.3016054630279541,0
0.07313624769449234,0
0.19356712698936462,1
0.05475984886288643,0
0.16722457110881805,1
0.01188740972429514,0
0.03953399881720543,0
0.06819722801446915,1
0.09289565682411194,0
0.005697452928870916,0
0.1087745726108551,0
0.002585795009508729,0
0.03111666813492775,0
0.005531841889023781,0
0.024912962689995766,0
0.12016071379184723,1
0.04948192834854126,0
0.05948330834507942,0
0.01152113638818264,1
0.28716203570365906,0
0.007476986851543188,0
0.013992480002343655,0
0.005593820009380579,0
0.022690795361995697,0
0.029231823980808258,0
0.04186292365193367,0
0.017622550949454308,0
0.0031044860370457172,0
0.012150537222623825,0
0.08246450871229172,1
0.17850781977176666,1
0.039739880710840225,0
0.05614078789949417,1
0.0022815729025751352,0
0.1043027713894844,0
0.006096955854445696,0
0.11583826690912247,0
0.044687140733003616,0
0.1311691403388977,1
0.06075657904148102,0
0.03201122581958771,0
0.06903202831745148,0
0.002307573100551963,0
0.01863320730626583,0
0.23299922049045563,0
0.016349559649825096,0
0.07467745989561081,0
0.23132218420505524,0
0.10637585818767548,0
0.1017814427614212,0
0.22585128247737885,0
0.11423622071743011,0
0.037610553205013275,0
0.113363116979599,0
0.067681685090065,0
0.03286460041999817,0
0.23924382030963898,0
0.003455947618931532,0
0.15614424645900726,0
0.14149560034275055,0
0.04188312217593193,0
0.012482916004955769,0
0.023266982287168503,0
0.20188988745212555,0
0.011509200558066368,0
0.13060739636421204,1
0.03624063357710838,0
0.0798327848315239,1
0.0313972607254982,0
0.008397217839956284,0
0.0190057884901762,0
0.03910437598824501,0
0.011350179091095924,0
0.009548231959342957,0
0.008628057315945625,0
0.02747507579624653,0
0.06452853232622147,0
0.005392479244619608,0
0.0821894109249115,0
0.008626465685665607,0
0.28489571809768677,0
0.14277377724647522,0
0.005836517084389925,0
0.004321041516959667,0
0.1267172247171402,0
0.20837360620498657,0
0.015765264630317688,0
0.028688279911875725,0
0.043836791068315506,0
0.14588649570941925,0
0.09491879492998123,0
0.12494200468063354,0
0.0680057480931282,0
0.03352711349725723,0
0.004464401863515377,0
0.0030213561840355396,0
0.033107709139585495,0
0.29124775528907776,1
0.06385207921266556,0
0.3071742355823517,0
0.04874753579497337,0
0.0940074548125267,0
0.042001426219940186,0
0.05833251029253006,1
0.01396185252815485,0
0.018316514790058136,0
0.06663508713245392,0
0.01176301296800375,0
0.10088298469781876,0
0.02175336517393589,0
0.06435814499855042,0
0.018899593502283096,0
0.3016316592693329,0
0.005661377217620611,0
0.0368652381002903,0
0.0673975870013237,0
0.06856934726238251,0
0.015010084956884384,0
0.01187086384743452,0
0.026807930320501328,0
0.1895609050989151,1
0.006312429439276457,0
0.021800393238663673,0
0.19020923972129822,0
0.05606229603290558,0
0.022794310003519058,0
0.3071775734424591,1
0.048696231096982956,0
0.01568593643605709,0
0.11469944566488266,0
0.009985903277993202,0
0.01612302102148533,0
0.0210398081690073,0
0.04039894789457321,0
0.029078470543026924,0
0.03024318628013134,0
0.29247260093688965,0
0.2052984982728958,1
0.005353254731744528,0
0.12683400511741638,0
0.06607936322689056,0
0.019976666197180748,0
0.0024287293199449778,0
0.026073232293128967,0
0.013384257443249226,0
0.015836261212825775,0
0.12071946263313293,0
0.0373297855257988,0
0.05041275545954704,0
0.12657375633716583,0
0.020448805764317513,0
0.3071775734424591,0
0.020952463150024414,0
0.08265578746795654,0
0.021156640723347664,0
0.07107746601104736,0
0.008780205622315407,0
0.13448725640773773,0
0.19190330803394318,1
0.05524046719074249,0
0.015399034135043621,0
0.04723699018359184,0
0.1527450978755951,0
0.01987023837864399,0
0.25117337703704834,0
0.28001531958580017,0
0.13627922534942627,0
0.01774683967232704,0
0.015616417862474918,0
0.15796685218811035,0
0.023535728454589844,0
0.03797672688961029,0
0.025387417525053024,0
0.111846424639225,0
0.11768554151058197,0
0.2744475305080414,0
0.09811405092477798,0
0.30568772554397583,0
0.10455911606550217,0
0.0416395328938961,0
0.0965096652507782,0
0.1404925137758255,0
0.038195569068193436,1
0.3071775734424591,1
0.04656944051384926,0
0.10006298869848251,0
0.18813970685005188,0
0.003499656915664673,0
0.29933083057403564,1
0.009708467870950699,0
0.18442916870117188,0
0.0029222064185887575,0
0.02464481256902218,0
0.0699944719672203,0
0.06155319884419441,0
0.015244919806718826,0
0.10623566806316376,0
0.17553938925266266,0
0.003975105471909046,0
0.21040154993534088,1
0.18285441398620605,0
0.013428815640509129,0
0.22069209814071655,0
0.11430912464857101,1
0.00633972929790616,0
0.06158008053898811,0
0.2838035821914673,0
0.01875431276857853,0
0.006531465798616409,0
0.19053836166858673,1
0.02811649814248085,0
0.021051649004220963,0
0.10328206419944763,0
0.02599107287824154,0
0.03143199905753136,0
0.023495109751820564,0
0.052354149520397186,0
0.26778337359428406,1
0.0056394063867628574,0
0.1546122431755066,0
0.16819928586483002,0
0.04570436850190163,0
0.006744070909917355,0
0.018168125301599503,0
0.009774252772331238,0
0.009146308526396751,0
0.1835494190454483,0
0.0015892894007265568,0
0.054815128445625305,1
0.3071775734424591,0
0.290871798992157,0
0.03361031413078308,0
0.009651882573962212,0
0.14019355177879333,0
0.05461439862847328,0
0.03461237624287605,0
0.004269145894795656,0
0.022731343284249306,0
0.03316142410039902,0
0.10780992358922958,0
0.005009179934859276,0
0.2101631909608841,0
0.025257138535380363,0
0.26281800866127014,1
0.02321690320968628,0
0.0829506441950798,0
0.19607815146446228,0
0.08089757710695267,0
0.06707440316677094,0
0.3071775734424591,0
0.009949743747711182,0
0.023614253848791122,0
0.20466604828834534,0
0.07158563286066055,0
0.3029683232307434,0
0.016172830015420914,0
0.02553974837064743,0
0.006830732803791761,0
0.17871148884296417,0
0.188944011926651,0
0.05370220169425011,0
0.013831687159836292,0
0.01750165782868862,0
0.010381092317402363,0
0.03718686103820801,0
0.059381961822509766,0
0.3071775734424591,0
0.03581789508461952,0
0.17009113729000092,0
0.3071775734424591,0
0.1172381043434143,1
0.006017348263412714,0
0.04004447162151337,0
0.1289471834897995,0
0.08604540675878525,0
0.04930555820465088,0
0.15784870088100433,0
0.24826891720294952,0
0.017016351222991943,0
0.011844540946185589,0
0.15532498061656952,0
0.021316586062312126,0
0.08024483174085617,0
0.013172402046620846,0
0.0030955104157328606,0
0.012712927535176277,0
0.14703398942947388,0
0.011765358038246632,0
0.03645503520965576,0
0.02683655545115471,0
0.1722642332315445,0
0.3071647584438324,1
0.025814170017838478,0
0.23976755142211914,0
0.013831154443323612,0
0.26618456840515137,0
0.17215941846370697,0
0.007651457097381353,0
0.1069173589348793,0
0.001759592560119927,0
0.00897944625467062,0
0.1605003923177719,1
0.003792824689298868,0
0.23007488250732422,0
0.05700717493891716,0
0.18792380392551422,0
0.17532888054847717,0
0.1667223423719406,1
0.005686067044734955,0
0.08498939871788025,0
0.00403476320207119,0
0.22427843511104584,0
0.025456596165895462,0
0.02544162981212139,0
0.13103102147579193,0
0.010739775374531746,0
0.014530674554407597,0
0.17519252002239227,0
0.2593323588371277,0
0.15367183089256287,0
0.06184711679816246,0
0.18183091282844543,0
0.042202357202768326,1
0.042449403554201126,0
0.11209147423505783,0
0.0029755625873804092,0
0.06448738276958466,0
0.051716044545173645,0
0.22555913031101227,0
0.11010894924402237,0
0.2360960841178894,0
0.04909851774573326,0
0.3026703894138336,1
0.013265721499919891,0
0.1251949667930603,0
0.052312221378088,0
0.005588924512267113,0
0.11190888285636902,0
0.3071775734424591,1
0.2646738588809967,0
0.06321045011281967,1
0.03556995466351509,0
0.05689258500933647,0
0.005339095368981361,0
0.009969990700483322,0
0.05221942439675331,0
0.02768867276608944,0
0.08918792754411697,0
0.03262881189584732,0
0.14626379311084747,1
0.006111121270805597,0
0.10157336294651031,0
0.28562131524086,0
0.015038931742310524,1
0.02864992991089821,0
0.1197052076458931,0
0.10341747850179672,0
0.26169252395629883,0
0.049011241644620895,0
0.20623274147510529,0
0.04776928573846817,0
0.03718391805887222,0
0.15114596486091614,1
0.027798306196928024,0
0.01212910283356905,0
0.0021858622785657644,0
0.23134855926036835,0
0.003104756586253643,0
0.009189511649310589,0
0.20473980903625488,0
0.04660484567284584,0
0.03739803284406662,0
0.06765057146549225,0
0.050723571330308914,0
0.004717372823506594,0
0.3071775734424591,1
0.004627302289009094,0
0.02096373774111271,0
0.10579323023557663,0
0.004284612834453583,0
0.0523877814412117,0
0.021229464560747147,0
0.017984213307499886,0
0.11347521841526031,0
0.3071775734424591,1
0.027662523090839386,0
0.018496796488761902,0
0.012652498669922352,0
0.0035774516873061657,0
0.08451230078935623,0
0.028201133012771606,0
0.30717629194259644,0
0.02321949601173401,0
0.027994658797979355,0
0.011403313837945461,1
0.03859737515449524,0
0.11984188109636307,0
0.07325422763824463,0
0.0036554024554789066,0
0.04156677797436714,0
0.0038469561841338873,0
0.001049609505571425,0
0.0028251518961042166,0
0.006543607916682959,0
0.003908989485353231,0
0.001343609532341361,0
0.011412850581109524,0
0.18505270779132843,0
0.032733555883169174,0
0.020986173301935196,0
0.002785719931125641,0
0.00039187169750221074,0
0.0052411360666155815,0
0.11761754006147385,0
0.04157489538192749,0
0.0450645312666893,0
0.0024017668329179287,0
0.0008350161369889975,0
0.016094623133540154,0
0.03484177589416504,0
0.00020482127729337662,0
0.0021342418622225523,0
0.0005433671176433563,0
0.007806139066815376,0
0.0035075785126537085,0
0.0003384464362170547,0
0.005201269872486591,0
0.005407075863331556,0
0.0012062155874446034,0
0.016474837437272072,0
0.0034634945914149284,0
0.0022275312803685665,0
0.007402888499200344,0
0.005368752870708704,0
0.0008079826948232949,0
0.0026144790463149548,0
0.002696206094697118,0
0.0009558440651744604,0
0.0023862053640186787,0
0.01507468894124031,0
0.03133086860179901,0
0.017372554168105125,0
0.003328111721202731,0
0.22003376483917236,0
0.000992561923339963,0
0.009433294646441936,0
0.0019511985592544079,0
0.03109794855117798,0
0.014482270926237106,0
0.01223360188305378,0
0.012489059008657932,0
0.016333671286702156,1
0.00271658506244421,0
0.06290536373853683,0
0.06053105369210243,0
0.0032497276552021503,0
0.0047439937479794025,0
0.05460816249251366,0
0.007878287695348263,0
0.03408949449658394,0
0.019610529765486717,0
0.0011035428615286946,0
0.007191767916083336,0
0.0009779850952327251,0
0.0013851551339030266,0
0.006443531718105078,0
0.0010329808574169874,0
0.0009843034204095602,0
0.22819270193576813,0
0.011040798388421535,0
0.01963382586836815,0
0.0022194157354533672,0
0.004773743450641632,0
0.058658599853515625,1
0.0025327284820377827,0
0.0990711972117424,0
0.0006854648818261921,0
0.0025688374880701303,0
0.0013710454804822803,0
0.010922304354608059,0
0.0008009177399799228,0
0.0016500352649018168,0
0.004885816480964422,0
0.0037877352442592382,0
0.04163968190550804,1
0.17936396598815918,0
0.014542247168719769,0
0.03908117860555649,0
0.03895999863743782,0
0.011941657401621342,0
0.019482843577861786,0
0.09654171764850616,0
0.006645995192229748,0
0.022983906790614128,0
0.001491044880822301,0
0.0011985187884420156,0
0.0036438426468521357,0
0.0019566877745091915,0
0.0004915028112009168,0
0.0007792877731844783,0
0.004880738910287619,0
0.14171181619167328,0
0.002224383410066366,0
0.0020767636597156525,0
0.00155931175686419,0
0.0034022426698356867,0
0.0004787989892065525,0
0.0010559511138126254,0
0.015810152515769005,0
0.04833775386214256,0
0.002131673041731119,0
0.0013639190001413226,0
0.009927893988788128,0
0.0036027797032147646,0
0.04241831973195076,0
0.003887780010700226,0
0.0076325503177940845,0
0.013493046164512634,0
0.008799746632575989,0
0.001816566800698638,0
0.04644390940666199,0
0.0022644803393632174,0
0.004637223202735186,0
0.2131025344133377,0
0.010398774407804012,0
0.005840163677930832,0
0.18798939883708954,0
0.07123301923274994,0
0.005434274207800627,0
0.001590680330991745,0
0.004384229891002178,0
0.004896999336779118,0
0.1131829023361206,0
0.006920714396983385,0
0.06537361443042755,0
0.002266325056552887,0
0.03371033817529678,0
0.006522224750369787,0
0.003051566192880273,0
0.005196005571633577,0
0.0019738459959626198,0
0.010460320860147476,0
0.011768222786486149,0
0.0015293605392798781,0
0.00595761789008975,0
0.007345412392169237,0
0.0005653594853356481,0
0.0026294661220163107,0
0.0003305855207145214,0
0.0010218402603641152,0
0.002324406523257494,0
0.02446046844124794,0
0.0027778830844908953,0
0.0025980817154049873,0
0.004668889567255974,0
0.035520050674676895,0
0.004575345665216446,0
0.020860940217971802,0
0.0017526951851323247,0
0.00080066331429407,0
0.014566841535270214,0
0.04510873556137085,0
0.0014065071009099483,0
0.000490521895699203,0
0.000933507748413831,0
0.11619999259710312,0
0.013291566632688046,0
0.0012123858323320746,0
0.10479547828435898,0
0.003735813545063138,0
0.010810800828039646,0
0.0013922536745667458,0
0.002559698885306716,0
0.02946714125573635,0
0.045958299189805984,0
0.0033492224756628275,0
0.015129446052014828,0
0.013167629949748516,0
0.007308823522180319,0
0.0013717651600018144,0
0.05096146836876869,0
0.0029890721198171377,0
0.00213986705057323,0
0.003699289634823799,0
0.0006075940327718854,0
0.0005238265730440617,0
0.0006772304768674076,0
0.005632548127323389,0
0.0014167879708111286,0
0.0007871691486798227,0
0.022819384932518005,0
0.002673816867172718,0
0.000423503021011129,0
0.0016247117891907692,0
0.0024026541505008936,0
0.021601064130663872,0
0.0007257878314703703,0
0.007288292516022921,0
0.003250609617680311,0
0.0003548685635905713,0
0.002007692353799939,0
0.0010349659714847803,0
0.000385787570849061,0
0.002084420993924141,0
0.0020937169902026653,0
0.003213775809854269,0
0.018994206562638283,0
0.010207129642367363,0
0.0035915521439164877,0
0.001026624464429915,0
0.00031470885733142495,0
0.0010810911189764738,0
0.003915988374501467,0
0.010709676891565323,0
0.00781368836760521,0
0.016842765733599663,0
0.032991014420986176,0
0.0009166107629425824,0
0.0015540450112894177,0
0.005615875590592623,0
0.0014931572368368506,0
0.00613474240526557,0
0.0105793047696352,0
0.0026229959912598133,0
0.01300202589482069,0
0.009640201926231384,0
0.01354934647679329,0
0.0009074278059415519,0
0.020096955820918083,0
0.0029959622770547867,0
0.002460886025801301,0
0.0006671844748780131,0
0.0008191244560293853,0
0.016977252438664436,0
0.0030152956023812294,0
0.005808992311358452,0
0.0016334712272509933,0
0.004698739852756262,0
0.05848473310470581,0
0.011082647368311882,0
0.001070586615242064,0
0.020523011684417725,0
0.0005883267731405795,0
0.0038810211699455976,0
0.0034418373834341764,0
0.29818040132522583,0
0.00365143152885139,0
0.004194550681859255,0
0.05907094478607178,0
0.0013613139744848013,0
0.027322720736265182,0
0.006339697167277336,0
0.0319429375231266,0
0.002813904080539942,0
0.0029794599395245314,0
0.006886419374495745,0
0.0008933227509260178,0
0.025965461507439613,0
0.05411377549171448,0
0.011314812116324902,0
0.007094872649759054,0
0.00671231746673584,0
0.0009328811429440975,0
0.0005540790734812617,0
0.00760203693062067,0
0.02221233956515789,0
0.039174243807792664,0
0.010442283935844898,0
0.0007939719362184405,0
0.03371744975447655,0
0.039960622787475586,0
0.03092837892472744,0
0.040060147643089294,0
0.06347344815731049,0
0.0025458186864852905,1
0.0028740973211824894,0
0.03664960712194443,0
0.0015165827935561538,0
0.0008849260048009455,0
0.006240338087081909,0
0.0017371628200635314,0
0.002014080761000514,0
0.009937959723174572,0
0.0117806950584054,0
0.0015095340786501765,0
0.006426085252314806,0
0.0005328381666913629,0
0.0016124106477946043,0
0.03431621566414833,0
0.0011336924508213997,0
0.0051730722188949585,0
0.12314645946025848,0
0.025972409173846245,0
0.02308531291782856,0
0.0005380244692787528,0
0.002222331240773201,0
0.011959854513406754,0
0.032209742814302444,0
0.011742507107555866,0
0.01960507221519947,0
0.046886738389730453,0
0.0029275259003043175,0
0.0006457255221903324,0
0.002642383798956871,0
0.02236536331474781,0
0.0006114421994425356,0
0.002450136700645089,0
0.006096499972045422,0
0.0022106317337602377,0
0.0048950109630823135,0
0.0008211049716919661,0
0.05084801837801933,0
0.002510454971343279,0
0.0009543573833070695,0
0.01781035214662552,0
0.0006870467914268374,0
0.02045838162302971,0
0.025540338829159737,0
0.015423842705786228,0
0.006060061044991016,0
0.0007408186211250722,0
0.003033050335943699,0
0.09451387822628021,0
0.008388807997107506,0
0.008341435343027115,0
0.0010698841651901603,0
0.011148993857204914,0
0.010613380931317806,0
0.0027701484505087137,0
0.001659745117649436,0
0.04618331417441368,0
0.004213538486510515,0
0.0016504150116816163,0
0.021700026467442513,0
0.0010936030885204673,0
0.00039980796282179654,0
0.0271404180675745,0
0.005520342383533716,0
0.007502464111894369,0
0.06800616532564163,0
0.000703953905031085,0
0.005217546131461859,0
0.0025795961264520884,0
0.007141671609133482,0
0.006397815886884928,0
0.0009925490012392402,0
0.004577800631523132,0
0.021109674125909805,0
0.011280793696641922,0
0.004413938149809837,0
0.0014214653056114912,0
0.021083414554595947,0
0.006135244388133287,0
0.0006623248336836696,0
0.0012615295127034187,0
0.0012708455324172974,0
0.004948238842189312,0
0.013411648571491241,0
0.08589595556259155,0
0.01199008896946907,0
0.004223240539431572,0
0.05305168032646179,0
0.007251151837408543,0
0.08673389256000519,0
0.004521443974226713,0
0.0051491400226950645,0
0.0032554692588746548,0
0.010264837183058262,0
0.00696708494797349,0
0.00141207966953516,1
0.011883043684065342,0
0.014136454090476036,0
0.003084943862631917,0
0.01257976796478033,0
0.009824972599744797,0
0.010227392427623272,0
0.0026736310683190823,0
0.0018859484698623419,0
0.01814006082713604,0
0.09881376475095749,0
0.013737793080508709,0
0.006276006810367107,0
0.0019406615756452084,0
0.001857109135016799,0
0.005524229258298874,0
0.000877285550814122,0
0.007454201579093933,0
0.0028184938710182905,0
0.07116957753896713,0
0.04159820079803467,0
0.017072994261980057,0
0.03364270552992821,0
0.010658389888703823,0
0.004896099679172039,0
0.005900781601667404,0
0.004631854593753815,0
0.05396769940853119,0
0.002373080002143979,0
0.11047077924013138,0
0.0098201222717762,0
0.008872535079717636,0
0.022427642717957497,0
0.012797411531209946,0
0.004235606640577316,0
0.11089973151683807,0
0.010349588468670845,0
0.004675117786973715,0
0.0006167413666844368,0
0.006484765559434891,0
0.004356900695711374,0
0.009756979532539845,0
0.0038657740224152803,0
0.009155654348433018,0
0.037044458091259,0
0.06229911372065544,0
0.001803447725251317,0
0.012307675555348396,0
0.0031112078577280045,0
0.031029170379042625,0
0.007278568111360073,0
0.03535713255405426,0
0.04788443073630333,0
0.022187883034348488,0
0.026937859132885933,0
0.0401945486664772,0
0.0010932545410469174,0
0.005017958115786314,0
0.008748549036681652,0
0.013213162310421467,0
0.002639050129801035,0
0.01590687409043312,0
0.023900041356682777,0
0.006818973459303379,0
0.003154257545247674,0
0.010080275125801563,0
0.039299461990594864,0
0.004841608926653862,0
0.011964523233473301,0
0.0055253696627914906,0
0.001623359159566462,0
0.011180482804775238,0
0.001913439016789198,0
0.0015798913082107902,0
0.05106624215841293,0
0.002377851400524378,0
0.006595203187316656,0
0.0012721027014777064,0
0.011721367947757244,0
0.005247277673333883,0
0.0021880834829062223,0
0.003636406036093831,0
0.017175447195768356,0
0.003159422194585204,0
0.005140142980962992,0
0.0069534657523036,0
0.08275279402732849,0
0.017248867079615593,0
0.047150786966085434,0
0.0006645360263064504,0
0.00961728673428297,0
0.005416948348283768,0
0.0011606639018282294,0
0.0010439660400152206,0
0.00149943633005023,0
0.0013946268009021878,0
0.043066009879112244,0
0.01334784273058176,0
0.005552530288696289,0
0.0012019252171739936,0
0.0007576384814456105,0
0.0009755518985912204,0
0.0026020228397101164,0
0.0018248268170282245,0
0.0014151375507935882,0
0.0032932963222265244,0
0.0030968033242970705,0
0.08123115450143814,0
0.012579389847815037,0
0.00608640955761075,0
0.014924176968634129,0
0.0012303342809900641,0
0.0012946962378919125,0
0.002223564777523279,0
0.0015040140133351088,0
0.03786687180399895,0
0.0006732225301675498,0
0.020040923729538918,0
0.017409799620509148,0
0.004418968688696623,0
0.0008931929478421807,0
0.013447263278067112,0
0.005263208411633968,0
0.0018361614784225821,0
0.0013820263557136059,0
0.011127824895083904,0
0.002181373769417405,0
0.0023610431235283613,0
0.002582215704023838,0
0.04102901741862297,0
0.009197432547807693,0
0.0009533882257528603,0
0.0008319602347910404,0
0.005401470232754946,0
0.008552291430532932,0
0.009388428181409836,0
0.002923917258158326,0
0.02243076264858246,0
0.00282470416277647,0
0.000889828079380095,0
0.0005427048308774829,0
0.0024305442348122597,0
0.0007948035490699112,0
0.0015728239668533206,0
0.007241685409098864,0
0.002745653735473752,0
0.00502979289740324,0
0.002582376357167959,0
0.0034396604169160128,0
0.006944335997104645,0
0.002750774146988988,0
0.004092989023774862,0
0.017165135592222214,0
0.0006877994746901095,0
0.00948446523398161,0
0.0024260070640593767,0
0.004322553053498268,0
0.0036469337064772844,0
0.0007339075091294944,0
0.0016638695960864425,0
0.0012851263163611293,0
0.0017779007321223617,0
0.023004595190286636,0
0.0016772843664512038,0
0.0002836599887814373,0
0.0030879592522978783,0
0.0014396734768524766,0
0.0020896822679787874,0
0.0025626930873841047,0
0.0005897002411074936,0
0.0189963411539793,0
0.0008969647460617125,0
0.009819778613746166,0
0.0007262586732394993,0
0.004687630571424961,0
0.001874091918580234,0
0.0009604427614249289,0
0.04605432599782944,0
0.011127809062600136,0
0.003089634235948324,0
0.054132286459207535,0
0.009803729131817818,0
0.0008003351977095008,0
0.037689581513404846,0
0.0010874270228669047,0
0.07575332373380661,0
0.005192956887185574,0
0.0002906430745497346,0
0.0047026327811181545,0
0.001286042737774551,0
0.0016912976279854774,0
0.0019202776020392776,0
0.03331788256764412,0
0.035763490945100784,0
0.006504824850708246,0
0.002414451213553548,0
0.0018226481042802334,0
0.001816492178477347,0
0.007394122891128063,0
0.0015871928771957755,0
0.025917258113622665,0
0.021968282759189606,0
0.009521734900772572,0
0.010678288526833057,0
0.0007348923245444894,0
0.000497527711559087,0
0.0012738611549139023,0
0.0009341826080344617,0
0.0021934935357421637,0
0.004697165917605162,0
0.031140625476837158,0
0.0017539146356284618,0
0.0014203500468283892,0
0.009724085219204426,0
0.007539332378655672,0
0.0006693907780572772,0
0.001499437028542161,0
0.0005099645350128412,0
0.0009382793214172125,0
0.0019162354292348027,0
0.07087898999452591,0
0.0071237701922655106,0
0.003293991321697831,0
0.006720744539052248,0
0.01628061942756176,0
0.0006186047685332596,0
0.0007381254690699279,0
0.0007766833296045661,0
0.012093990109860897,0
0.002102248603478074,0
0.00722203403711319,0
0.002125481842085719,0
0.002684192266315222,0
0.0013254462974146008,0
0.00044950132723897696,0
0.0032645680475980043,0
0.005536947399377823,0
0.06137946993112564,0
0.0074092065915465355,0
0.0026771090924739838,0
0.002846206072717905,0
0.0011473328340798616,0
0.06146777421236038,0
0.007360297255218029,0
0.0012535927817225456,0
0.003935937769711018,0
0.000683125457726419,0
0.0011941551929339767,0
0.0013942120131105185,0
0.008009260520339012,0
0.0024450693745166063,0
0.021188192069530487,0
0.00993432104587555,0
0.007639585994184017,0
0.02538207173347473,0
0.0006068361108191311,0
0.0014641021843999624,0
0.010573518462479115,0
0.006922625005245209,0
0.0009809017647057772,0
0.0012203679652884603,0
0.06957261264324188,0
0.001187217771075666,0
0.0020688448566943407,0
0.03713347762823105,0
0.006730472669005394,0
0.01401052437722683,0
0.006246117874979973,0
0.025927038863301277,0
0.004882215987890959,0
0.0015381863340735435,0
0.0016294792294502258,0
0.013637801632285118,0
0.008753904141485691,0
0.07397466152906418,0
0.031163852661848068,0
0.002566585084423423,0
0.00959845632314682,0
0.002837700303643942,0
0.0004780106246471405,0
0.016757836565375328,0
0.005760867148637772,0
0.0007223960128612816,0
0.017555609345436096,0
0.0005131858633831143,0
0.0025439418386667967,0
0.02751215733587742,0
0.002326428657397628,0
0.0048071714118123055,0
0.0012669255957007408,0
0.002286122413352132,0
0.006295878905802965,0
0.014347942546010017,0
0.05447778478264809,0
0.0007982590468600392,0
0.004953298252075911,0
0.06851604580879211,0
0.011262044310569763,0
0.004286761861294508,0
0.07332973182201385,0
0.0005624718032777309,0
0.013346142135560513,0
0.001523746526800096,0
0.0005917178932577372,0
0.0025730389170348644,0
0.006936800666153431,0
0.03856721892952919,0
0.02251588925719261,0
0.0028153634630143642,0
0.0037576090544462204,0
0.0004376583092380315,0
0.0030179887544363737,0
0.01173335500061512,0
0.05798092111945152,0
0.05928529053926468,0
0.0007150929304771125,0
0.07225323468446732,0
0.057945385575294495,0
0.001093093422241509,0
0.0013464434305205941,0
0.017976844683289528,0
0.011260545812547207,0
0.0057132067158818245,0
0.0013042644131928682,0
0.053433243185281754,0
0.002156265079975128,0
0.0012169278925284743,0
0.00360177643597126,0
0.00299107120372355,0
0.010286745615303516,0
0.0018041405128315091,0
0.007963295094668865,0
0.0407724529504776,0
0.0039047382306307554,0
0.0017253587720915675,0
0.003126172348856926,0
0.0009725491399876773,0
0.003243291052058339,0
0.0327393040060997,0
0.0037325345911085606,0
0.002156143309548497,0
0.012255877256393433,0
0.007590133231133223,0
0.05998235195875168,0
0.002661949023604393,0
0.0020432262681424618,0
0.00552527979016304,0
0.0009085556957870722,0
0.034552477300167084,0
0.0032206051982939243,0
0.005593432579189539,0
0.009266417473554611,0
0.04476216062903404,0
0.007991530001163483,0
0.028964003548026085,0
0.0007469953852705657,0
0.0021462575532495975,0
0.0526285320520401,0
0.006868922617286444,0
0.029999690130352974,0
0.0029590388294309378,0
0.002676662988960743,0
0.014656472951173782,0
0.001064800308085978,0
0.04129968583583832,0
0.012147956527769566,0
0.010199814103543758,0
0.008331069722771645,0
0.0018607714446261525,0
0.0007297726115211844,0
0.001958800246939063,0
0.00136651867069304,0
0.03276587277650833,0
0.002888656919822097,0
0.001968520460650325,0
0.010526679456233978,0
0.0006034182151779532,0
0.006211112719029188,0
0.059251293540000916,0
0.2780247628688812,0
0.022949088364839554,0
0.14336933195590973,0
0.3071775734424591,0
0.09317883849143982,1
0.03343614563345909,0
0.04725691303610802,0
0.14400145411491394,0
0.3071775734424591,1
0.1492065042257309,0
0.3071775734424591,0
0.266024112701416,0
0.23922893404960632,0
0.039097126573324203,0
0.3071775734424591,0
0.3071775734424591,0
0.005965627729892731,0
0.0635465532541275,1
0.08313983678817749,1
0.30717331171035767,0
0.2221735566854477,0
0.17489072680473328,0
0.3071775734424591,0
0.25088343024253845,0
0.23485951125621796,0
0.3071775734424591,0
0.11899694800376892,0
0.02465776726603508,0
0.21243137121200562,0
0.30717137455940247,0
0.12923523783683777,0
0.25429800152778625,0
0.09909572452306747,0
0.02441457472741604,0
0.12838426232337952,0
0.08473949134349823,0
0.14529846608638763,0
0.166876420378685,0
0.06353525072336197,0
0.06437870115041733,0
0.13274693489074707,0
0.024872787296772003,0
0.06238027289509773,0
0.21062995493412018,0
0.16119515895843506,0
0.2382703423500061,0
0.06607355177402496,0
0.3071775734424591,1
0.16794435679912567,0
0.11935730278491974,0
0.1016649454832077,0
0.28541329503059387,1
0.19866196811199188,0
0.14128991961479187,0
0.3071775734424591,0
0.09445424377918243,0
0.2737371325492859,1
0.3071775734424591,0
0.13931335508823395,0
0.29303792119026184,1
0.3071775734424591,0
0.05413176491856575,0
0.21425029635429382,0
0.27911901473999023,0
0.17054596543312073,0
0.2625502943992615,0
0.1581672579050064,0
0.13688220083713531,0
0.05444645881652832,1
0.04232344403862953,0
0.1247706338763237,0
0.04715544730424881,0
0.19370251893997192,0
0.3071748912334442,0
0.18431255221366882,0
0.20308783650398254,0
0.0642644390463829,0
0.0872420221567154,0
0.23571451008319855,0
0.1481439620256424,0
0.027508195489645004,0
0.19000788033008575,0
0.27029886841773987,0
0.023617878556251526,0
0.0874042883515358,0
0.0945940837264061,0
0.23350496590137482,1
0.1790223866701126,0
0.2502402663230896,1
0.05261741206049919,0
0.20440921187400818,0
0.10293813049793243,0
0.3071775734424591,0
0.12004018574953079,0
0.20143041014671326,0
0.3071775734424591,0
0.07128888368606567,0
0.3071775734424591,0
0.12959367036819458,0
0.2578703761100769,0
0.10956565290689468,0
0.30716750025749207,1
0.02595505677163601,0
0.01396092027425766,0
0.04782484844326973,0
0.26031747460365295,0
0.12871341407299042,0
0.3071775734424591,0
0.18416589498519897,1
0.09516040235757828,0
0.30717402696609497,0
0.3071775734424591,0
0.1157032698392868,0
0.03595481440424919,0
0.05180871859192848,0
0.3052797019481659,0
0.05098295956850052,0
0.11963863670825958,1
0.26908937096595764,0
0.29386618733406067,1
0.30715039372444153,0
0.008479400537908077,0
0.13999731838703156,0
0.05983986705541611,0
0.00686292489990592,0
0.3071775734424591,0
0.022912733256816864,0
0.2469092607498169,0
0.19238753616809845,0
0.040604185312986374,0
0.3071775734424591,0
0.30519846081733704,0
0.21539399027824402,0
0.20807281136512756,0
0.12074510753154755,0
0.1754116714000702,0
0.3071775734424591,1
0.29651567339897156,0
0.0693368911743164,0
0.2918398082256317,1
0.3071775734424591,1
0.08164625614881516,0
0.1163303330540657,0
0.15164779126644135,0
0.08701881021261215,0
0.03540021553635597,0
0.16063953936100006,0
0.280214786529541,0
0.1210794746875763,0
0.3071775734424591,0
0.06529109925031662,0
0.2970292866230011,1
0.13020484149456024,0
0.08896546810865402,0
0.10609213262796402,0
0.03178839012980461,0
0.16436432301998138,1
0.2591075599193573,0
0.2728642523288727,0
0.15152078866958618,0
0.1713351309299469,0
0.17697802186012268,0
0.21457183361053467,1
0.030894262716174126,0
0.0713280513882637,0
0.05793003737926483,0
0.20435567200183868,0
0.04943183809518814,0
0.15413185954093933,1
0.3071773648262024,0
0.10853052139282227,0
0.207528218626976,0
0.01432015374302864,0
0.00596155971288681,0
0.10057054460048676,0
0.2010735124349594,0
0.03657962754368782,0
0.292574942111969,0
0.3071775734424591,0
0.21799378097057343,0
0.08387754112482071,0
0.3016146123409271,0
0.002990124048665166,0
0.004285268951207399,0
0.002589685143902898,0
0.043185167014598846,0
0.02335723303258419,0
0.0025680004619061947,0
0.005106167867779732,0
0.014701182954013348,0
0.0018497920827940106,0
0.013798879459500313,0
0.0008055911748670042,0
0.0021993909031152725,0
0.16781459748744965,0
0.0014280261239036918,0
0.015154941938817501,0
0.020868992432951927,0
0.022861508652567863,0
0.2875872254371643,0
0.04197751358151436,0
0.0009737486834637821,0
0.05467972904443741,0
0.13487111032009125,1
0.0026383623480796814,0
0.01048075221478939,0
0.14924927055835724,0
0.04550866782665253,0
0.30717670917510986,0
0.2197827249765396,0
0.06654886901378632,0
0.020836377516388893,0
0.0006245920085348189,0
0.012603719718754292,0
0.007279880344867706,0
0.0003447646740823984,0
0.010738445445895195,0
0.001783670042641461,0
0.09554004669189453,0
0.0044678207486867905,0
0.017084140330553055,0
0.1238294243812561,0
0.014122838154435158,0
0.00020526212756522,0
0.0013913719449192286,0
0.020693276077508926,0
0.26821020245552063,0
0.0011682191397994757,0
0.0009815183002501726,0
0.00206802599132061,0
0.0007017438765615225,0
0.00047430608537979424,0
0.20530715584754944,1
0.09663980454206467,0
0.06961413472890854,0
0.027925672009587288,0
0.0024771138560026884,0
0.011245311237871647,0
0.00210539810359478,0
0.004589428659528494,0
0.03271353617310524,0
0.0020592226646840572,0
0.000999022857286036,0
0.0015930935041978955,0
0.001904089585877955,0
0.009522916749119759,0
0.08215291798114777,0
0.002564650261774659,0
0.0023499871604144573,0
0.025990871712565422,0
0.003583034034818411,0
0.19681666791439056,0
0.0009891074150800705,0
0.008593527600169182,0
0.020593110471963882,0
0.00822916068136692,0
0.0034033863339573145,0
0.11092787235975266,0
0.011952575296163559,0
0.00148647534660995,0
0.0012470079818740487,0
0.012547409161925316,0
0.0009079733863472939,0
0.007366209756582975,0
0.23621754348278046,1
0.0026862823870033026,0
0.056696925312280655,0
0.00047659632400609553,1
0.25179627537727356,0
0.0010551114100962877,0
0.008335920050740242,0
0.0017880243249237537,0
0.0013505187816917896,0
0.18226470053195953,0
0.004064883105456829,0
0.08866331726312637,0
0.002891086507588625,0
0.0023580959532409906,0
0.0007416750304400921,0
0.0052736299112439156,0
0.014687634073197842,0
0.003757714293897152,0
0.0010286459000781178,0
0.04613052308559418,0
0.003518820973113179,0
0.017184410244226456,0
0.0019918386824429035,0
0.0018270264845341444,0
0.21513299643993378,0
0.022847704589366913,0
0.15920771658420563,0
0.0009115315624512732,0
0.0697285607457161,0
0.001233404502272606,0
0.05651088058948517,0
0.0038544407580047846,0
0.11715047806501389,0
0.004187514074146748,0
0.002198713831603527,0
0.0024735466577112675,0
0.04511808604001999,0
0.0002933870127890259,0
0.0021606916561722755,0
0.0024397477973252535,0
0.0016031403793022037,0
0.0006891140365041792,0
0.0006462848396040499,0
0.01692572794854641,0
0.007777705788612366,0
0.003976438194513321,0
0.21830275654792786,1
0.007555285468697548,0
0.12395314127206802,0
0.013291443698108196,0
0.0012453158851712942,0
0.003110429970547557,0
0.0044358642771840096,0
0.0025389448273926973,0
0.0013374248519539833,0
0.0028943088836967945,0
0.002117072930559516,0
0.014530938118696213,0
0.0016133504686877131,0
0.10885049402713776,0
0.03285522386431694,0
0.0469944067299366,0
0.04912760481238365,0
0.0050612506456673145,0
0.02184266410768032,0
0.0011221581371501088,0
0.0010929673444479704,0
0.0050817737355828285,0
0.05092674866318703,0
0.015322062186896801,0
0.0035492349416017532,0
0.19538414478302002,0
0.0007470702403225005,0
0.0012270336737856269,0
0.0024262703955173492,0
0.0012272263411432505,0
0.029066694900393486,0
0.10953057557344437,0
0.0025016237050294876,0
0.0028185464907437563,0
0.02002236433327198,0
0.058840811252593994,0
0.01024254597723484,0
0.046433497220277786,0
0.0011335553135722876,0
0.007117748726159334,0
0.0740172415971756,0
0.0018137898296117783,0
0.0033343432005494833,0
0.013606017455458641,0
0.0022040067706257105,0
0.0037280791439116,0
0.0010660849511623383,0
0.008522718213498592,0
0.0033005140721797943,0
0.0011749952100217342,0
0.16818585991859436,0
0.005368810147047043,0
0.010223469696938992,0
0.014850408770143986,0
0.006294027902185917,0
0.005317412782460451,0
0.0038820537738502026,0
0.20391838252544403,1
0.0007623311248607934,0
0.0011436882195994258,0
0.002378348261117935,0
0.0020600459538400173,0
0.003927750047296286,0
0.0005980123532935977,0
0.2997254729270935,1
0.0049790069460868835,0
0.06294482946395874,0
0.000998384435661137,0
0.027775023132562637,0
0.05003810301423073,0
0.002025429392233491,0
0.00041527097346261144,0
0.007241473533213139,0
0.003752119606360793,0
0.010294162668287754,0
0.0013742068549618125,0
0.012410498224198818,0
0.0019367561908438802,0
0.021140484139323235,0
0.2372792363166809,1
0.006316536571830511,0
0.001130115706473589,0
0.009183058515191078,0
0.011649155989289284,0
0.006797017063945532,0
0.01931636966764927,0
0.0025379396975040436,0
0.0011049308814108372,0
0.14324328303337097,0
0.009574736468493938,0
0.0007719987770542502,0
0.027311768382787704,0
0.0866912230849266,0
0.013385100290179253,0
0.017360934987664223,0
0.011433872394263744,0
0.0015453648520633578,0
0.02385588176548481,0
0.007152291014790535,0
0.13563476502895355,0
0.0035204917658120394,0
0.001330943196080625,0
0.0627220943570137,0
0.0011640299344435334,0
0.00508073391392827,0
0.0040259817615151405,0
0.007706169504672289,0
0.012214946560561657,0
0.08262903243303299,1
0.005109109915792942,0
0.0008559423731639981,0
0.0009955245768651366,0
0.004889521282166243,0
0.0006512496038340032,0
0.0008508819155395031,0
0.0009117336594499648,0
0.22368022799491882,0
0.006592664867639542,0
0.001969563541933894,0
0.003211680334061384,0
0.0011119147529825568,0
0.007294787559658289,0
0.007186196744441986,0
0.0018318196525797248,0
0.008346188813447952,0
0.000840212102048099,0
0.020191915333271027,0
0.000770480022765696,0
0.0006913762772455812,0
0.000514450715854764,0
0.11586177349090576,0
0.005196273326873779,0
0.001076373504474759,0
0.001495559117756784,0
0.0025052521377801895,0
0.0018447944894433022,0
0.0094992620870471,0
0.0009762368863448501,0
0.006655321456491947,0
0.0020193718373775482,0
0.0016201663529500365,0
0.0014243334298953414,0
0.0008261718321591616,0
0.0009107276564463973,0
0.0026330244727432728,0
0.0012719014193862677,0
0.0007464921218343079,0
0.018186070024967194,0
0.0029441211372613907,0
0.005227004177868366,0
0.06289004534482956,0
0.0004997735959477723,0
0.018760327249765396,0
0.0007380425231531262,0
0.007168720010668039,0
0.009137152694165707,0
0.002179061993956566,0
0.006295919883996248,0
0.046204354614019394,0
0.002654797863215208,0
0.02402586117386818,0
0.010980624705553055,0
0.0023451673332601786,0
0.0009538234444335103,0
0.010839016176760197,0
0.12576252222061157,0
0.0013786298222839832,0
0.09776060283184052,0
0.3071775734424591,1
0.04104943946003914,0
0.005430219694972038,0
0.0021585137583315372,0
0.00568977277725935,0
0.0005522668361663818,0
0.002360305981710553,0
0.0005062564159743488,0
0.0012207920663058758,0
0.001698288251645863,0
0.2820162773132324,0
0.0006064761546440423,0
0.051187459379434586,0
0.002524506999179721,0
0.27876490354537964,0
0.00131345191039145,0
0.002221390837803483,0
0.005348689388483763,0
0.0026229415088891983,0
0.0017735904548317194,0
0.19553439319133759,0
0.0009743336704559624,0
0.005811925046145916,0
0.015169135294854641,0
0.00712125888094306,0
0.1365671008825302,1
0.1084727868437767,1
0.0022828096989542246,0
0.024352476000785828,0
0.000627867819275707,0
0.007721712812781334,0
0.01086913887411356,0
0.039039574563503265,0
0.011034867726266384,0
0.00846719928085804,0
0.005426628049463034,0
0.011254171840846539,0
0.01674851030111313,0
0.0020734684076160192,0
0.004410131834447384,0
0.0016398309962823987,0
0.0042387619614601135,0
0.0041021076031029224,0
0.021530291065573692,0
0.0005035298527218401,0
0.0008234843262471259,0
0.01049575675278902,0
0.058991435915231705,0
0.03340362757444382,0
0.0006694465409964323,0
0.004761434160172939,0
0.19770000874996185,0
0.0010223689023405313,0
0.003374640131369233,0
0.020489299669861794,0
0.03247416391968727,0
0.051193345338106155,0
0.00048058381071314216,0
0.0012067188508808613,0
0.023769600316882133,0
0.011589731089770794,0
0.011725952848792076,0
0.002178448485210538,0
0.0005408157594501972,0
0.004094697069376707,0
0.0017614687094464898,0
0.0007130474550649524,0
0.0010588443838059902,0
0.03167187049984932,0
0.019257716834545135,0
0.0013320938451215625,0
0.003087880788370967,0
0.03711012750864029,0
0.02689046785235405,0
0.1570606231689453,1
0.028660114854574203,0
0.02325594425201416,0
0.003111708676442504,0
0.06388112902641296,0
0.006443005055189133,0
0.002515555825084448,0
0.01962457038462162,0
0.13176093995571136,0
0.24406157433986664,0
0.010906128212809563,0
0.0039034392684698105,0
0.0006353504140861332,0
0.009730557911098003,0
0.0007234688382595778,0
0.030928170308470726,0
0.011066161096096039,0
0.0036749737337231636,0
0.0027535168919712305,0
0.0007627602317370474,0
0.055031511932611465,0
0.009293286129832268,0
0.0005456511862576008,0
0.007001493591815233,0
0.09453454613685608,0
0.060384828597307205,0
0.013966419734060764,0
0.0006905069458298385,0
0.0009221587097272277,0
0.0007062228978611529,0
0.003793555311858654,0
0.04533381015062332,0
0.025211026892066002,1
0.002624805783852935,0
0.0011860672384500504,0
0.0027988427318632603,0
0.015244710259139538,0
0.007975549437105656,0
0.002426182385534048,0
0.001047228928655386,0
0.024202585220336914,0
0.0023761538323014975,0
0.0022022160701453686,0
0.050236500799655914,0
0.013721090741455555,0
0.21322132647037506,0
0.27096453309059143,0
0.008843647316098213,1
0.0018015153473243117,0
0.0008395409677177668,0
0.23957590758800507,0
0.3071775734424591,1
0.006540629081428051,0
0.0031153422314673662,0
0.002230055397376418,0
0.0041777947917580605,0
0.0011301245540380478,0
0.06763146072626114,0
0.032671038061380386,0
0.004657645244151354,0
0.03716099634766579,0
0.09606113284826279,0
0.009198253974318504,0
0.06364163011312485,0
0.0019172342726960778,0
0.0008363751694560051,0
0.028006820008158684,0
0.018288161605596542,0
0.00980326533317566,0
0.04888223111629486,0
0.00221270602196455,0
0.06713784486055374,0
0.0026361923664808273,0
0.007461597677320242,0
0.17154785990715027,0
0.015451958402991295,0
0.0009223278029821813,0
0.004755969624966383,0
0.0069692605175077915,0
0.0014898909721523523,0
0.005480989348143339,0
